com.samsung.shealth.tracker.pedometer_day_summary,6195017,5
step_count,binning_data,active_time,recommendation,run_step_count,update_time,source_package_name,create_time,source_info,speed,distance,calorie,walk_step_count,deviceuuid,pkg_name,healthy_step,achievement,datauuid,day_time
2611,7c5c92e9-22aa-4abf-aaa6-959cd979653d.binning_data.json,1493297,6000,6,2021-10-05 07:31:36.125,com.sec.android.app.shealth,2021-10-01 21:04:00.664,7c5c92e9-22aa-4abf-aaa6-959cd979653d.source_info.json,1.3341812,1992.3297,128.76001,2605,VfS0qUERdZ,com.sec.android.app.shealth,0,7c5c92e9-22aa-4abf-aaa6-959cd979653d.achievement.json,7c5c92e9-22aa-4abf-aaa6-959cd979653d,1633132800000,
9124,6801bba2-3e66-4aa5-8f2a-73d23ba1d90e.binning_data.json,4931688,6000,2,2021-10-05 07:03:11.586,com.sec.android.app.shealth,2021-10-01 15:51:43.085,,1.2967179,6395.0103,367.95,9122,6fPiwL19M5,com.sec.android.app.shealth,0,6801bba2-3e66-4aa5-8f2a-73d23ba1d90e.achievement.json,6801bba2-3e66-4aa5-8f2a-73d23ba1d90e,1633046400000,
7383,6be724ac-c0b1-4ecf-b9ac-0de2ff1f0fa9.binning_data.json,4038336,6000,31,2021-10-02 15:00:04.867,com.sec.android.app.shealth,2021-10-01 01:43:46.984,,1.2718982,5136.353,222.09998,7352,DQQ9M5Fmpd,com.sec.android.app.shealth,0,6be724ac-c0b1-4ecf-b9ac-0de2ff1f0fa9.achievement.json,6be724ac-c0b1-4ecf-b9ac-0de2ff1f0fa9,1633046400000,
12054,bede0481-f8ad-4e5e-81d4-eb3766a5b5f7.binning_data.json,6516702,6000,31,2021-10-05 07:31:36.668,com.sec.android.app.shealth,2021-10-01 01:43:47.361,bede0481-f8ad-4e5e-81d4-eb3766a5b5f7.source_info.json,1.2991024,8465.864,454.07996,12023,VfS0qUERdZ,com.sec.android.app.shealth,0,bede0481-f8ad-4e5e-81d4-eb3766a5b5f7.achievement.json,bede0481-f8ad-4e5e-81d4-eb3766a5b5f7,1633046400000,
2553,0466a106-0962-46d3-ba90-effdbc080940.binning_data.json,1467764,6000,0,2021-10-05 07:03:11.469,com.sec.android.app.shealth,2021-10-02 15:00:03.121,,1.3279653,1949.14,126.9,2553,6fPiwL19M5,com.sec.android.app.shealth,0,0466a106-0962-46d3-ba90-effdbc080940.achievement.json,0466a106-0962-46d3-ba90-effdbc080940,1633132800000,
3636,eb367786-4d11-4fe3-9d23-766a81c1db03.binning_data.json,2177904,6000,0,2021-10-05 07:31:36.100,com.sec.android.app.shealth,2021-10-04 22:01:52.956,eb367786-4d11-4fe3-9d23-766a81c1db03.source_info.json,1.2570755,2737.79,181.94,3636,VfS0qUERdZ,com.sec.android.app.shealth,0,eb367786-4d11-4fe3-9d23-766a81c1db03.achievement.json,eb367786-4d11-4fe3-9d23-766a81c1db03,1633305600000,
4871,8473a41a-5c5c-4a89-9ce9-66c7e34d0c2b.binning_data.json,2881340,6000,0,2021-10-05 07:03:10.041,com.sec.android.app.shealth,2021-10-05 07:03:10.041,,1.2512856,3605.38,254.65,4871,6fPiwL19M5,com.sec.android.app.shealth,0,8473a41a-5c5c-4a89-9ce9-66c7e34d0c2b.achievement.json,8473a41a-5c5c-4a89-9ce9-66c7e34d0c2b,1631059200000,
3976,26679e44-32af-45d7-8839-25f76d59e827.binning_data.json,2277300,6000,9,2021-10-05 07:03:10.112,com.sec.android.app.shealth,2021-10-05 07:03:10.112,,1.3305973,3030.17,200.51999,3967,6fPiwL19M5,com.sec.android.app.shealth,0,26679e44-32af-45d7-8839-25f76d59e827.achievement.json,26679e44-32af-45d7-8839-25f76d59e827,1631318400000,
7253,dd08225f-ae7f-442f-92f4-4220a027bfb0.binning_data.json,3964911,6000,51,2021-10-05 12:17:30.047,com.sec.android.app.shealth,2021-10-04 23:15:02.591,dd08225f-ae7f-442f-92f4-4220a027bfb0.source_info.json,1.298748,5149.421,282.02997,7202,VfS0qUERdZ,com.sec.android.app.shealth,0,dd08225f-ae7f-442f-92f4-4220a027bfb0.achievement.json,dd08225f-ae7f-442f-92f4-4220a027bfb0,1633392000000,
5015,63ba8acb-888e-4123-b7a0-849148fdf4f8.binning_data.json,2827622,6000,17,2021-10-05 07:03:10.356,com.sec.android.app.shealth,2021-10-05 07:03:10.356,,1.2990278,3673.16,269.6,4998,6fPiwL19M5,com.sec.android.app.shealth,0,63ba8acb-888e-4123-b7a0-849148fdf4f8.achievement.json,63ba8acb-888e-4123-b7a0-849148fdf4f8,1631750400000,
3522,28108b93-aa7c-4d10-a20a-5418bb3d88b5.binning_data.json,1940793,6000,2,2021-10-05 07:03:10.422,com.sec.android.app.shealth,2021-10-05 07:03:10.422,,1.3478968,2615.99,184.28,3520,6fPiwL19M5,com.sec.android.app.shealth,0,28108b93-aa7c-4d10-a20a-5418bb3d88b5.achievement.json,28108b93-aa7c-4d10-a20a-5418bb3d88b5,1631577600000,
1628,4c121321-4f2b-4dec-b869-e6e43b24c857.binning_data.json,914388,6000,0,2021-10-05 07:03:10.857,com.sec.android.app.shealth,2021-10-05 07:03:10.857,,1.3765486,1258.7,80.51,1628,6fPiwL19M5,com.sec.android.app.shealth,0,4c121321-4f2b-4dec-b869-e6e43b24c857.achievement.json,4c121321-4f2b-4dec-b869-e6e43b24c857,1632182400000,
2545,b3e38459-5e8d-4b75-b835-df1b243b564c.binning_data.json,1388903,6000,4,2021-10-05 07:03:10.889,com.sec.android.app.shealth,2021-10-05 07:03:10.889,,1.3920689,1933.45,130.75,2541,6fPiwL19M5,com.sec.android.app.shealth,0,b3e38459-5e8d-4b75-b835-df1b243b564c.achievement.json,b3e38459-5e8d-4b75-b835-df1b243b564c,1632268800000,
2794,fbb2003e-39a4-430b-9241-bcbad942e727.binning_data.json,1600505,6000,0,2021-10-05 07:03:10.135,com.sec.android.app.shealth,2021-10-05 07:03:10.135,,1.3383081,2141.97,139.47,2794,6fPiwL19M5,com.sec.android.app.shealth,0,fbb2003e-39a4-430b-9241-bcbad942e727.achievement.json,fbb2003e-39a4-430b-9241-bcbad942e727,1631404800000,
1663,7bea7dbd-8e1b-4c58-bda0-68530087e487.binning_data.json,892532,6000,0,2021-10-05 07:03:11.224,com.sec.android.app.shealth,2021-10-05 07:03:11.224,,1.427691,1274.26,83.45,1663,6fPiwL19M5,com.sec.android.app.shealth,0,7bea7dbd-8e1b-4c58-bda0-68530087e487.achievement.json,7bea7dbd-8e1b-4c58-bda0-68530087e487,1632614400000,
3979,8a9e8cb1-2d16-49f0-baa7-d7457da8cf0b.binning_data.json,2312574,6000,0,2021-10-05 07:03:11.262,com.sec.android.app.shealth,2021-10-05 07:03:11.262,,1.2748777,2948.25,208.9,3979,6fPiwL19M5,com.sec.android.app.shealth,0,8a9e8cb1-2d16-49f0-baa7-d7457da8cf0b.achievement.json,8a9e8cb1-2d16-49f0-baa7-d7457da8cf0b,1632787200000,
4519,100975b6-c868-466b-bc4a-51e0b667a64f.binning_data.json,2501878,6000,6,2021-10-05 07:03:10.044,com.sec.android.app.shealth,2021-10-05 07:03:10.044,,1.3373274,3345.83,248.24,4513,6fPiwL19M5,com.sec.android.app.shealth,0,100975b6-c868-466b-bc4a-51e0b667a64f.achievement.json,100975b6-c868-466b-bc4a-51e0b667a64f,1631145600000,
3604,674003b4-ccad-4224-bd3f-9ac2291a7b11.binning_data.json,1932071,6000,30,2021-10-05 16:30:51.746,com.sec.android.app.shealth,2021-10-05 07:03:19.961,,1.3080058,2527.161,106.76999,3574,DQQ9M5Fmpd,com.sec.android.app.shealth,0,674003b4-ccad-4224-bd3f-9ac2291a7b11.achievement.json,674003b4-ccad-4224-bd3f-9ac2291a7b11,1633392000000,
6715,97241cd6-dd2c-4acb-8c5a-e0a135e53d32.binning_data.json,3638734,6000,46,2021-10-05 16:29:45.793,com.sec.android.app.shealth,2021-10-05 07:03:11.675,,1.3007736,4733.17,266.4,6669,6fPiwL19M5,com.sec.android.app.shealth,0,97241cd6-dd2c-4acb-8c5a-e0a135e53d32.achievement.json,97241cd6-dd2c-4acb-8c5a-e0a135e53d32,1633392000000,
3677,0067bde3-3487-4322-838e-d996da61f76c.binning_data.json,2218251,6000,0,2021-10-05 07:03:10.267,com.sec.android.app.shealth,2021-10-05 07:03:10.267,,1.2262809,2720.2,192.6,3677,6fPiwL19M5,com.sec.android.app.shealth,0,0067bde3-3487-4322-838e-d996da61f76c.achievement.json,0067bde3-3487-4322-838e-d996da61f76c,1631491200000,
4183,1357ade2-e12d-4aa8-9c62-5a48a1d38600.binning_data.json,2434149,6000,0,2021-10-05 07:03:10.649,com.sec.android.app.shealth,2021-10-05 07:03:10.649,,1.3121253,3193.91,208.33,4183,6fPiwL19M5,com.sec.android.app.shealth,0,1357ade2-e12d-4aa8-9c62-5a48a1d38600.achievement.json,1357ade2-e12d-4aa8-9c62-5a48a1d38600,1631923200000,
3979,849dd96b-43d1-498b-a41b-b95ab5c2bb97.binning_data.json,2312574,6000,0,2021-10-05 07:31:37.218,com.sec.android.app.shealth,2021-10-05 07:31:37.218,849dd96b-43d1-498b-a41b-b95ab5c2bb97.source_info.json,1.2748777,2948.25,208.9,3979,VfS0qUERdZ,com.sec.android.app.shealth,0,849dd96b-43d1-498b-a41b-b95ab5c2bb97.achievement.json,849dd96b-43d1-498b-a41b-b95ab5c2bb97,1632787200000,
9751,a1ababea-3979-440d-95ea-562190e1dfd2.binning_data.json,5465521,6000,6,2021-10-05 07:31:36.768,com.sec.android.app.shealth,2021-10-05 07:31:36.768,a1ababea-3979-440d-95ea-562190e1dfd2.source_info.json,1.3594639,7430.1797,492.67,9745,VfS0qUERdZ,com.sec.android.app.shealth,0,a1ababea-3979-440d-95ea-562190e1dfd2.achievement.json,a1ababea-3979-440d-95ea-562190e1dfd2,1632873600000,
1628,62b1a083-c224-41fd-8051-cb7913dd8b49.binning_data.json,914388,6000,0,2021-10-05 07:31:38.261,com.sec.android.app.shealth,2021-10-05 07:31:38.261,62b1a083-c224-41fd-8051-cb7913dd8b49.source_info.json,1.3765486,1258.7,80.51,1628,VfS0qUERdZ,com.sec.android.app.shealth,0,62b1a083-c224-41fd-8051-cb7913dd8b49.achievement.json,62b1a083-c224-41fd-8051-cb7913dd8b49,1632182400000,
3373,a8b85bb6-2a83-4c09-a700-0f7ba9babd07.binning_data.json,1869408,6000,25,2021-10-05 07:03:10.391,com.sec.android.app.shealth,2021-10-05 07:03:10.391,,1.3713859,2563.6802,176.46002,3348,6fPiwL19M5,com.sec.android.app.shealth,0,a8b85bb6-2a83-4c09-a700-0f7ba9babd07.achievement.json,a8b85bb6-2a83-4c09-a700-0f7ba9babd07,1631836800000,
8047,51e32372-5534-4b7c-a8c3-e6c65f8e4dde.binning_data.json,4562281,6000,0,2021-10-05 07:31:37.833,com.sec.android.app.shealth,2021-10-05 07:31:37.833,51e32372-5534-4b7c-a8c3-e6c65f8e4dde.source_info.json,1.3189956,6017.63,417.38998,8047,VfS0qUERdZ,com.sec.android.app.shealth,0,51e32372-5534-4b7c-a8c3-e6c65f8e4dde.achievement.json,51e32372-5534-4b7c-a8c3-e6c65f8e4dde,1632355200000,
3561,f4022ab3-fcb5-47bb-8d79-8a50f9f4b04f.binning_data.json,2115796,6000,8,2021-10-05 07:31:38.877,com.sec.android.app.shealth,2021-10-05 07:31:38.877,f4022ab3-fcb5-47bb-8d79-8a50f9f4b04f.source_info.json,1.2566097,2658.73,181.53,3553,VfS0qUERdZ,com.sec.android.app.shealth,0,f4022ab3-fcb5-47bb-8d79-8a50f9f4b04f.achievement.json,f4022ab3-fcb5-47bb-8d79-8a50f9f4b04f,1631664000000,
5264,9dbaafcb-22f5-4beb-9972-255cfa254dd4.binning_data.json,3000481,6000,0,2021-10-05 07:03:10.877,com.sec.android.app.shealth,2021-10-05 07:03:10.877,,1.3217578,3965.91,268.32,5264,6fPiwL19M5,com.sec.android.app.shealth,0,9dbaafcb-22f5-4beb-9972-255cfa254dd4.achievement.json,9dbaafcb-22f5-4beb-9972-255cfa254dd4,1632009600000,
8047,7200bccf-2504-41b9-95e5-8e7df2c1bb3e.binning_data.json,4562281,6000,0,2021-10-05 07:03:11.159,com.sec.android.app.shealth,2021-10-05 07:03:11.159,,1.3189956,6017.63,417.38998,8047,6fPiwL19M5,com.sec.android.app.shealth,0,7200bccf-2504-41b9-95e5-8e7df2c1bb3e.achievement.json,7200bccf-2504-41b9-95e5-8e7df2c1bb3e,1632355200000,
5015,05d23068-3150-4bc3-88af-6764524e0d95.binning_data.json,2827622,6000,17,2021-10-05 07:31:38.597,com.sec.android.app.shealth,2021-10-05 07:31:38.597,05d23068-3150-4bc3-88af-6764524e0d95.source_info.json,1.2990278,3673.16,269.6,4998,VfS0qUERdZ,com.sec.android.app.shealth,0,05d23068-3150-4bc3-88af-6764524e0d95.achievement.json,05d23068-3150-4bc3-88af-6764524e0d95,1631750400000,
2210,f2e9c14d-e4b0-483f-8b43-8b5a724f8e22.binning_data.json,1269918,6000,0,2021-10-05 07:03:10.734,com.sec.android.app.shealth,2021-10-05 07:03:10.734,,1.3065485,1659.21,111.57,2210,6fPiwL19M5,com.sec.android.app.shealth,0,f2e9c14d-e4b0-483f-8b43-8b5a724f8e22.achievement.json,f2e9c14d-e4b0-483f-8b43-8b5a724f8e22,1632096000000,
7581,49e49c8d-dd15-4e3a-b774-c01ad75dc89a.binning_data.json,4261922,6000,31,2021-10-05 07:03:11.261,com.sec.android.app.shealth,2021-10-05 07:03:11.261,,1.3555009,5777.0396,383.6,7550,6fPiwL19M5,com.sec.android.app.shealth,0,49e49c8d-dd15-4e3a-b774-c01ad75dc89a.achievement.json,49e49c8d-dd15-4e3a-b774-c01ad75dc89a,1632700800000,
4519,ef4e7516-3da5-45e2-b57e-de69abf778c2.binning_data.json,2501878,6000,6,2021-10-05 07:31:39.575,com.sec.android.app.shealth,2021-10-05 07:31:39.575,ef4e7516-3da5-45e2-b57e-de69abf778c2.source_info.json,1.3373274,3345.83,248.24,4513,VfS0qUERdZ,com.sec.android.app.shealth,0,ef4e7516-3da5-45e2-b57e-de69abf778c2.achievement.json,ef4e7516-3da5-45e2-b57e-de69abf778c2,1631145600000,
7276,ca689285-d277-4a5d-9a56-e77637d9eaaf.binning_data.json,3697442,6000,7,2021-10-07 16:38:33.829,com.sec.android.app.shealth,2021-10-07 16:38:33.829,,1.3221868,4888.71,228.85,7269,6fPiwL19M5,com.sec.android.app.shealth,0,ca689285-d277-4a5d-9a56-e77637d9eaaf.achievement.json,ca689285-d277-4a5d-9a56-e77637d9eaaf,1633564800000,
3621,95ef78bf-e3b0-4f0a-9e04-7a36730655d4.binning_data.json,2169780,6000,0,2021-10-05 07:03:11.705,com.sec.android.app.shealth,2021-10-05 07:03:11.705,,1.2569982,2727.41,181.58,3621,6fPiwL19M5,com.sec.android.app.shealth,0,95ef78bf-e3b0-4f0a-9e04-7a36730655d4.achievement.json,95ef78bf-e3b0-4f0a-9e04-7a36730655d4,1633305600000,
58,ff72f195-e5fd-41c7-b0c5-5aa6924dc4aa.binning_data.json,25533,6000,6,2021-10-02 15:00:04.823,com.sec.android.app.shealth,2021-10-02 15:00:04.823,,1.6915097,43.18971,1.8600079,52,DQQ9M5Fmpd,com.sec.android.app.shealth,0,ff72f195-e5fd-41c7-b0c5-5aa6924dc4aa.achievement.json,ff72f195-e5fd-41c7-b0c5-5aa6924dc4aa,1633132800000,
8,2168475e-27fd-4789-a652-c460226b0f4d.binning_data.json,5489,6000,0,2021-10-09 15:00:08.065,com.sec.android.app.shealth,2021-10-09 15:00:08.065,,1.0000001,5.49,0.21,8,6fPiwL19M5,com.sec.android.app.shealth,0,2168475e-27fd-4789-a652-c460226b0f4d.achievement.json,2168475e-27fd-4789-a652-c460226b0f4d,1633737600000,
2616,02ce4143-aa4e-4546-bc34-ef262c911324.binning_data.json,1571620,6000,0,2021-10-05 07:03:10.113,com.sec.android.app.shealth,2021-10-05 07:03:10.113,,1.2358326,1942.26,134.98,2616,6fPiwL19M5,com.sec.android.app.shealth,0,02ce4143-aa4e-4546-bc34-ef262c911324.achievement.json,02ce4143-aa4e-4546-bc34-ef262c911324,1631232000000,
2102,2f74e78c-7b22-4c4f-b140-bf909cd85435.binning_data.json,1149034,6000,0,2021-10-05 07:03:11.163,com.sec.android.app.shealth,2021-10-05 07:03:11.163,,1.3461652,1546.79,111.67,2102,6fPiwL19M5,com.sec.android.app.shealth,0,2f74e78c-7b22-4c4f-b140-bf909cd85435.achievement.json,2f74e78c-7b22-4c4f-b140-bf909cd85435,1632528000000,
9751,6a06d427-6819-4de5-8b40-fdf8a2ee8576.binning_data.json,5465521,6000,6,2021-10-05 07:03:11.450,com.sec.android.app.shealth,2021-10-05 07:03:11.450,,1.3594639,7430.1797,492.67,9745,6fPiwL19M5,com.sec.android.app.shealth,0,6a06d427-6819-4de5-8b40-fdf8a2ee8576.achievement.json,6a06d427-6819-4de5-8b40-fdf8a2ee8576,1632873600000,
7581,f62eae06-c6a2-46f7-8f81-b52ded1ba42e.binning_data.json,4261922,6000,31,2021-10-05 07:31:37.096,com.sec.android.app.shealth,2021-10-05 07:31:37.096,f62eae06-c6a2-46f7-8f81-b52ded1ba42e.source_info.json,1.3555009,5777.0396,383.6,7550,VfS0qUERdZ,com.sec.android.app.shealth,0,f62eae06-c6a2-46f7-8f81-b52ded1ba42e.achievement.json,f62eae06-c6a2-46f7-8f81-b52ded1ba42e,1632700800000,
2616,b2924fbd-e7bb-4b61-9b21-b749415f2d48.binning_data.json,1571620,6000,0,2021-10-05 07:31:39.251,com.sec.android.app.shealth,2021-10-05 07:31:39.251,b2924fbd-e7bb-4b61-9b21-b749415f2d48.source_info.json,1.2358326,1942.26,134.98,2616,VfS0qUERdZ,com.sec.android.app.shealth,0,b2924fbd-e7bb-4b61-9b21-b749415f2d48.achievement.json,b2924fbd-e7bb-4b61-9b21-b749415f2d48,1631232000000,
23,31aef05a-a3f7-4ab4-8909-580d42acd188.binning_data.json,11541,6000,0,2021-10-11 21:38:26.248,com.sec.android.app.shealth,2021-10-11 21:38:26.248,31aef05a-a3f7-4ab4-8909-580d42acd188.source_info.json,1.4053228,16.220001,0.65,23,VfS0qUERdZ,com.sec.android.app.shealth,0,31aef05a-a3f7-4ab4-8909-580d42acd188.achievement.json,31aef05a-a3f7-4ab4-8909-580d42acd188,1633910400000,
8473,92a0ee06-a163-460f-9342-6a1914acd198.binning_data.json,4694196,6000,81,2021-10-06 16:25:18.772,com.sec.android.app.shealth,2021-10-06 16:25:18.772,,1.25224,5878.2603,254.54063,8392,DQQ9M5Fmpd,com.sec.android.app.shealth,0,92a0ee06-a163-460f-9342-6a1914acd198.achievement.json,92a0ee06-a163-460f-9342-6a1914acd198,1633478400000,
2545,4476330a-0531-42bd-8622-7719822c7065.binning_data.json,1388903,6000,4,2021-10-05 07:31:37.868,com.sec.android.app.shealth,2021-10-05 07:31:37.868,4476330a-0531-42bd-8622-7719822c7065.source_info.json,1.3920689,1933.45,130.75,2541,VfS0qUERdZ,com.sec.android.app.shealth,0,4476330a-0531-42bd-8622-7719822c7065.achievement.json,4476330a-0531-42bd-8622-7719822c7065,1632268800000,
7584,c7377848-5587-409b-9582-fbc8445fab61.binning_data.json,4207414,6000,20,2021-10-09 15:00:13.831,com.sec.android.app.shealth,2021-10-08 15:46:55.266,,1.2478185,5250.09,232.40138,7564,DQQ9M5Fmpd,com.sec.android.app.shealth,0,c7377848-5587-409b-9582-fbc8445fab61.achievement.json,c7377848-5587-409b-9582-fbc8445fab61,1633651200000,
7429,53146782-0081-42bd-a5c3-bcf2f185ad72.binning_data.json,4157694,6000,15,2021-10-05 07:03:11.529,com.sec.android.app.shealth,2021-10-05 07:03:11.529,,1.3437064,5586.72,379.63,7414,6fPiwL19M5,com.sec.android.app.shealth,0,53146782-0081-42bd-a5c3-bcf2f185ad72.achievement.json,53146782-0081-42bd-a5c3-bcf2f185ad72,1632960000000,
3300,3f3b8cd0-ed28-4f3f-bdee-78a9d9b32579.binning_data.json,1882302,6000,7,2021-10-05 07:31:36.144,com.sec.android.app.shealth,2021-10-05 07:31:36.144,3f3b8cd0-ed28-4f3f-bdee-78a9d9b32579.source_info.json,1.352716,2546.22,165.8,3293,VfS0qUERdZ,com.sec.android.app.shealth,0,3f3b8cd0-ed28-4f3f-bdee-78a9d9b32579.achievement.json,3f3b8cd0-ed28-4f3f-bdee-78a9d9b32579,1633219200000,
3838,ae7b2f90-e786-46a5-959a-e5be7abcef15.binning_data.json,2239799,6000,0,2021-10-12 15:03:09.999,com.sec.android.app.shealth,2021-10-10 15:00:09.657,,1.1678463,2615.7417,110.68062,3838,DQQ9M5Fmpd,com.sec.android.app.shealth,0,ae7b2f90-e786-46a5-959a-e5be7abcef15.achievement.json,ae7b2f90-e786-46a5-959a-e5be7abcef15,1633824000000,
4183,25143478-0a26-42db-b18f-dd3c206ed106.binning_data.json,2434149,6000,0,2021-10-05 07:31:38.603,com.sec.android.app.shealth,2021-10-05 07:31:38.603,25143478-0a26-42db-b18f-dd3c206ed106.source_info.json,1.3121253,3193.91,208.33,4183,VfS0qUERdZ,com.sec.android.app.shealth,0,25143478-0a26-42db-b18f-dd3c206ed106.achievement.json,25143478-0a26-42db-b18f-dd3c206ed106,1631923200000,
7589,1384fae9-d4d5-4db1-83c4-64ef3bcc7c89.binning_data.json,3768703,6000,64,2021-10-13 15:00:03.281,com.sec.android.app.shealth,2021-10-13 15:00:03.281,,1.365512,5146.21,238.74,7525,6fPiwL19M5,com.sec.android.app.shealth,0,1384fae9-d4d5-4db1-83c4-64ef3bcc7c89.achievement.json,1384fae9-d4d5-4db1-83c4-64ef3bcc7c89,1634083200000,
5318,bdeaf03b-acda-41ee-93b6-c46258c1d6e0.binning_data.json,2808719,6000,0,2021-10-13 15:00:05.410,com.sec.android.app.shealth,2021-10-12 15:03:10.082,,1.3348323,3749.1702,158.56978,5318,DQQ9M5Fmpd,com.sec.android.app.shealth,0,bdeaf03b-acda-41ee-93b6-c46258c1d6e0.achievement.json,bdeaf03b-acda-41ee-93b6-c46258c1d6e0,1633996800000,
3976,5e7db833-7133-46e2-9547-6ea3483b9617.binning_data.json,2277300,6000,9,2021-10-05 07:31:39.266,com.sec.android.app.shealth,2021-10-05 07:31:39.266,5e7db833-7133-46e2-9547-6ea3483b9617.source_info.json,1.3305973,3030.17,200.51999,3967,VfS0qUERdZ,com.sec.android.app.shealth,0,5e7db833-7133-46e2-9547-6ea3483b9617.achievement.json,5e7db833-7133-46e2-9547-6ea3483b9617,1631318400000,
6189,a5d57d68-dd79-4151-8702-c5b3bb69c716.binning_data.json,3194986,6000,0,2021-10-15 18:23:15.715,com.sec.android.app.shealth,2021-10-15 18:23:15.715,,1.3216989,4222.81,190.37,6189,6fPiwL19M5,com.sec.android.app.shealth,0,a5d57d68-dd79-4151-8702-c5b3bb69c716.achievement.json,a5d57d68-dd79-4151-8702-c5b3bb69c716,1634256000000,
5459,1fc4da31-bfbc-4e20-b219-2335b469b68c.binning_data.json,3189833,6000,0,2021-10-15 18:23:21.688,com.sec.android.app.shealth,2021-10-14 16:22:42.752,,1.16654,3721.0684,161.89072,5459,DQQ9M5Fmpd,com.sec.android.app.shealth,0,1fc4da31-bfbc-4e20-b219-2335b469b68c.achievement.json,1fc4da31-bfbc-4e20-b219-2335b469b68c,1634169600000,
3561,52e67bc0-80a0-4cb6-83be-9fdba4eed186.binning_data.json,2115796,6000,8,2021-10-05 07:03:10.435,com.sec.android.app.shealth,2021-10-05 07:03:10.435,,1.2566097,2658.73,181.53,3553,6fPiwL19M5,com.sec.android.app.shealth,0,52e67bc0-80a0-4cb6-83be-9fdba4eed186.achievement.json,52e67bc0-80a0-4cb6-83be-9fdba4eed186,1631664000000,
11288,e0d4e5ff-14bb-45e9-963b-beae752e0364.binning_data.json,5842009,6000,19,2021-10-07 13:37:05.216,com.sec.android.app.shealth,2021-10-06 22:54:08.389,e0d4e5ff-14bb-45e9-963b-beae752e0364.source_info.json,1.3286465,7761.9653,342.7008,11269,VfS0qUERdZ,com.sec.android.app.shealth,0,e0d4e5ff-14bb-45e9-963b-beae752e0364.achievement.json,e0d4e5ff-14bb-45e9-963b-beae752e0364,1633564800000,
9989,59e90ddf-9c0b-4017-9cb9-7c84ec49d19d.binning_data.json,5676128,6000,4,2021-10-09 22:15:39.197,com.sec.android.app.shealth,2021-10-09 00:21:05.463,59e90ddf-9c0b-4017-9cb9-7c84ec49d19d.source_info.json,1.2084426,6859.276,294.42606,9985,VfS0qUERdZ,com.sec.android.app.shealth,0,59e90ddf-9c0b-4017-9cb9-7c84ec49d19d.achievement.json,59e90ddf-9c0b-4017-9cb9-7c84ec49d19d,1633737600000,
28,63b8fd69-fefd-489e-a3a5-2734d2b5757d.binning_data.json,17320,6000,0,2021-10-17 18:43:57.713,com.sec.android.app.shealth,2021-10-17 18:43:57.713,63b8fd69-fefd-489e-a3a5-2734d2b5757d.source_info.json,1.0761882,18.639767,0.75997066,28,VfS0qUERdZ,com.sec.android.app.shealth,0,63b8fd69-fefd-489e-a3a5-2734d2b5757d.achievement.json,63b8fd69-fefd-489e-a3a5-2734d2b5757d,1634428800000,
6065,9d0d0a6b-8e57-483f-b525-5ed4ba9906d4.binning_data.json,3123415,6000,7,2021-10-18 21:13:51.610,com.sec.android.app.shealth,2021-10-17 22:35:03.069,9d0d0a6b-8e57-483f-b525-5ed4ba9906d4.source_info.json,1.3416158,4190.4233,186.62834,6058,VfS0qUERdZ,com.sec.android.app.shealth,0,9d0d0a6b-8e57-483f-b525-5ed4ba9906d4.achievement.json,9d0d0a6b-8e57-483f-b525-5ed4ba9906d4,1634515200000,
4939,f2c2b12b-6594-4ca6-a42e-03d683198781.binning_data.json,2896124,6000,0,2021-10-05 07:03:11.107,com.sec.android.app.shealth,2021-10-05 07:03:11.107,,1.2489104,3617.0,260.99,4939,6fPiwL19M5,com.sec.android.app.shealth,0,f2c2b12b-6594-4ca6-a42e-03d683198781.achievement.json,f2c2b12b-6594-4ca6-a42e-03d683198781,1632441600000,
2542,54f0b0b1-f416-4a34-826c-9bae432e3f72.binning_data.json,1313907,6000,0,2021-10-19 19:06:45.177,com.sec.android.app.shealth,2021-10-19 19:06:45.177,,1.294848,1701.31,79.31,2542,6fPiwL19M5,com.sec.android.app.shealth,0,54f0b0b1-f416-4a34-826c-9bae432e3f72.achievement.json,54f0b0b1-f416-4a34-826c-9bae432e3f72,1634601600000,
7429,e6cc11e9-773a-4143-8035-f9bf0fbcdfb3.binning_data.json,4157694,6000,15,2021-10-05 07:31:36.729,com.sec.android.app.shealth,2021-10-05 07:31:36.729,e6cc11e9-773a-4143-8035-f9bf0fbcdfb3.source_info.json,1.3437064,5586.72,379.63,7414,VfS0qUERdZ,com.sec.android.app.shealth,0,e6cc11e9-773a-4143-8035-f9bf0fbcdfb3.achievement.json,e6cc11e9-773a-4143-8035-f9bf0fbcdfb3,1632960000000,
2102,6e0a9dae-ca2b-4676-800f-88f6fe8af592.binning_data.json,1149034,6000,0,2021-10-05 07:31:37.465,com.sec.android.app.shealth,2021-10-05 07:31:37.465,6e0a9dae-ca2b-4676-800f-88f6fe8af592.source_info.json,1.3461652,1546.79,111.67,2102,VfS0qUERdZ,com.sec.android.app.shealth,0,6e0a9dae-ca2b-4676-800f-88f6fe8af592.achievement.json,6e0a9dae-ca2b-4676-800f-88f6fe8af592,1632528000000,
3300,2ab73b11-3c5b-4144-a8a3-0e325a13f913.binning_data.json,1882302,6000,7,2021-10-05 07:03:11.439,com.sec.android.app.shealth,2021-10-05 07:03:11.439,,1.352716,2546.22,165.8,3293,6fPiwL19M5,com.sec.android.app.shealth,0,2ab73b11-3c5b-4144-a8a3-0e325a13f913.achievement.json,2ab73b11-3c5b-4144-a8a3-0e325a13f913,1633219200000,
15,a8c3bf55-dc70-450e-9fef-17604b2095da.binning_data.json,8123,6000,0,2021-10-05 07:03:20.002,com.sec.android.app.shealth,2021-10-05 07:03:20.002,,1.2777779,10.38,0.36,15,DQQ9M5Fmpd,com.sec.android.app.shealth,0,a8c3bf55-dc70-450e-9fef-17604b2095da.achievement.json,a8c3bf55-dc70-450e-9fef-17604b2095da,1633305600000,
5264,ca8eee70-5c58-4764-948d-46b5fe5c2dc4.binning_data.json,3000481,6000,0,2021-10-05 07:31:38.280,com.sec.android.app.shealth,2021-10-05 07:31:38.280,ca8eee70-5c58-4764-948d-46b5fe5c2dc4.source_info.json,1.3217578,3965.91,268.32,5264,VfS0qUERdZ,com.sec.android.app.shealth,0,ca8eee70-5c58-4764-948d-46b5fe5c2dc4.achievement.json,ca8eee70-5c58-4764-948d-46b5fe5c2dc4,1632009600000,
4939,38409378-8609-4a90-92c7-a94b788f187e.binning_data.json,2896124,6000,0,2021-10-05 07:31:37.812,com.sec.android.app.shealth,2021-10-05 07:31:37.812,38409378-8609-4a90-92c7-a94b788f187e.source_info.json,1.2489104,3617.0,260.99,4939,VfS0qUERdZ,com.sec.android.app.shealth,0,38409378-8609-4a90-92c7-a94b788f187e.achievement.json,38409378-8609-4a90-92c7-a94b788f187e,1632441600000,
1663,d7413edc-09d5-4744-bea7-a582516c711e.binning_data.json,892532,6000,0,2021-10-05 07:31:37.321,com.sec.android.app.shealth,2021-10-05 07:31:37.321,d7413edc-09d5-4744-bea7-a582516c711e.source_info.json,1.427691,1274.26,83.45,1663,VfS0qUERdZ,com.sec.android.app.shealth,0,d7413edc-09d5-4744-bea7-a582516c711e.achievement.json,d7413edc-09d5-4744-bea7-a582516c711e,1632614400000,
3677,10c42c51-27d6-469a-9c4b-5998743d20f4.binning_data.json,2218251,6000,0,2021-10-05 07:31:38.956,com.sec.android.app.shealth,2021-10-05 07:31:38.956,10c42c51-27d6-469a-9c4b-5998743d20f4.source_info.json,1.2262809,2720.2,192.6,3677,VfS0qUERdZ,com.sec.android.app.shealth,0,10c42c51-27d6-469a-9c4b-5998743d20f4.achievement.json,10c42c51-27d6-469a-9c4b-5998743d20f4,1631491200000,
7222,a902b9b6-2684-4c02-b33c-3d9fdb45560f.binning_data.json,3778519,6000,9,2021-10-21 00:53:04.652,com.sec.android.app.shealth,2021-10-20 00:48:36.672,a902b9b6-2684-4c02-b33c-3d9fdb45560f.source_info.json,1.3129537,4961.0215,227.91095,7213,VfS0qUERdZ,com.sec.android.app.shealth,0,a902b9b6-2684-4c02-b33c-3d9fdb45560f.achievement.json,a902b9b6-2684-4c02-b33c-3d9fdb45560f,1634688000000,
13,6482f6ee-acb4-455a-830d-5e33da4ef31b.binning_data.json,5736,6000,0,2021-10-11 15:15:52.140,com.sec.android.app.shealth,2021-10-11 15:15:52.140,,1.6944444,9.72,0.34,13,6fPiwL19M5,com.sec.android.app.shealth,0,6482f6ee-acb4-455a-830d-5e33da4ef31b.achievement.json,6482f6ee-acb4-455a-830d-5e33da4ef31b,1633910400000,
3373,bc5d2ccf-907c-4374-9b31-d8c709b4c23e.binning_data.json,1869408,6000,25,2021-10-05 07:31:38.577,com.sec.android.app.shealth,2021-10-05 07:31:38.577,bc5d2ccf-907c-4374-9b31-d8c709b4c23e.source_info.json,1.3713859,2563.6802,176.46002,3348,VfS0qUERdZ,com.sec.android.app.shealth,0,bc5d2ccf-907c-4374-9b31-d8c709b4c23e.achievement.json,bc5d2ccf-907c-4374-9b31-d8c709b4c23e,1631836800000,
8356,b885afac-2dfa-4577-a75c-db1401fae224.binning_data.json,4235560,6000,61,2021-10-13 21:48:49.724,com.sec.android.app.shealth,2021-10-12 21:50:40.742,b885afac-2dfa-4577-a75c-db1401fae224.source_info.json,1.3543782,5736.5513,260.0899,8295,VfS0qUERdZ,com.sec.android.app.shealth,0,b885afac-2dfa-4577-a75c-db1401fae224.achievement.json,b885afac-2dfa-4577-a75c-db1401fae224,1634083200000,
2794,5baebe1a-6f97-4ec8-b01f-fcdb045e60c1.binning_data.json,1600505,6000,0,2021-10-05 07:31:39.208,com.sec.android.app.shealth,2021-10-05 07:31:39.208,5baebe1a-6f97-4ec8-b01f-fcdb045e60c1.source_info.json,1.3383081,2141.97,139.47,2794,VfS0qUERdZ,com.sec.android.app.shealth,0,5baebe1a-6f97-4ec8-b01f-fcdb045e60c1.achievement.json,5baebe1a-6f97-4ec8-b01f-fcdb045e60c1,1631404800000,
6466,6b4edc54-ef80-45d3-a48b-02258112d455.binning_data.json,3378749,6000,0,2021-10-15 11:16:23.760,com.sec.android.app.shealth,2021-10-14 22:55:02.560,6b4edc54-ef80-45d3-a48b-02258112d455.source_info.json,1.3183486,4454.37,197.56,6466,VfS0qUERdZ,com.sec.android.app.shealth,0,6b4edc54-ef80-45d3-a48b-02258112d455.achievement.json,6b4edc54-ef80-45d3-a48b-02258112d455,1634256000000,
9,fca31af9-94e4-4781-8154-a57ee21d52f7.binning_data.json,5463,6000,0,2021-10-21 16:52:27.999,com.sec.android.app.shealth,2021-10-21 16:52:27.999,,1.111111,6.0699997,0.25,9,6fPiwL19M5,com.sec.android.app.shealth,0,fca31af9-94e4-4781-8154-a57ee21d52f7.achievement.json,fca31af9-94e4-4781-8154-a57ee21d52f7,1634774400000,
6680,c0e35293-221e-4e09-8e69-b5ac73f54bd0.binning_data.json,3446091,6000,0,2021-10-22 21:46:23.500,com.sec.android.app.shealth,2021-10-22 00:47:53.426,c0e35293-221e-4e09-8e69-b5ac73f54bd0.source_info.json,1.3374718,4609.051,204.45001,6680,VfS0qUERdZ,com.sec.android.app.shealth,0,c0e35293-221e-4e09-8e69-b5ac73f54bd0.achievement.json,c0e35293-221e-4e09-8e69-b5ac73f54bd0,1634860800000,
2210,2a9d4926-5ad8-4d91-a6a1-3c40677bddf0.binning_data.json,1269918,6000,0,2021-10-05 07:31:38.273,com.sec.android.app.shealth,2021-10-05 07:31:38.273,2a9d4926-5ad8-4d91-a6a1-3c40677bddf0.source_info.json,1.3065485,1659.21,111.57,2210,VfS0qUERdZ,com.sec.android.app.shealth,0,2a9d4926-5ad8-4d91-a6a1-3c40677bddf0.achievement.json,2a9d4926-5ad8-4d91-a6a1-3c40677bddf0,1632096000000,
7,3c505c3b-402b-4b3c-8053-d296b9b697b7.binning_data.json,2847,6000,0,2021-10-23 15:08:23.088,com.sec.android.app.shealth,2021-10-23 15:08:23.088,,1.8333335,5.22,0.18,7,6fPiwL19M5,com.sec.android.app.shealth,0,3c505c3b-402b-4b3c-8053-d296b9b697b7.achievement.json,3c505c3b-402b-4b3c-8053-d296b9b697b7,1634947200000,
3522,7abfc3c2-5116-49d1-a37c-2831bbd0c31f.binning_data.json,1940793,6000,2,2021-10-05 07:31:38.931,com.sec.android.app.shealth,2021-10-05 07:31:38.931,7abfc3c2-5116-49d1-a37c-2831bbd0c31f.source_info.json,1.3478968,2615.99,184.28,3520,VfS0qUERdZ,com.sec.android.app.shealth,0,7abfc3c2-5116-49d1-a37c-2831bbd0c31f.achievement.json,7abfc3c2-5116-49d1-a37c-2831bbd0c31f,1631577600000,
6330,bb776dd1-bc9c-43da-8070-4068c5168424.binning_data.json,3351503,6000,0,2021-10-06 16:21:43.150,com.sec.android.app.shealth,2021-10-06 16:21:43.150,,1.2770058,4279.89,194.76,6330,6fPiwL19M5,com.sec.android.app.shealth,0,bb776dd1-bc9c-43da-8070-4068c5168424.achievement.json,bb776dd1-bc9c-43da-8070-4068c5168424,1633478400000,
4871,9bbd7be6-19d4-4e1f-bff5-c9e62498756c.binning_data.json,2881340,6000,0,2021-10-05 07:31:39.616,com.sec.android.app.shealth,2021-10-05 07:31:39.616,9bbd7be6-19d4-4e1f-bff5-c9e62498756c.source_info.json,1.2512856,3605.38,254.65,4871,VfS0qUERdZ,com.sec.android.app.shealth,0,9bbd7be6-19d4-4e1f-bff5-c9e62498756c.achievement.json,9bbd7be6-19d4-4e1f-bff5-c9e62498756c,1631059200000,
56,73847e7b-8c5f-42c1-9b25-0bcb98966ce5.binning_data.json,29683,6000,0,2021-10-24 21:16:48.039,com.sec.android.app.shealth,2021-10-23 17:34:07.198,73847e7b-8c5f-42c1-9b25-0bcb98966ce5.source_info.json,1.3434933,39.88,1.62,56,VfS0qUERdZ,com.sec.android.app.shealth,0,73847e7b-8c5f-42c1-9b25-0bcb98966ce5.achievement.json,73847e7b-8c5f-42c1-9b25-0bcb98966ce5,1635033600000,
9623,69a7ccde-aac8-408c-8a7e-4b737ffe80e2.binning_data.json,5129956,6000,20,2021-10-07 16:38:38.874,com.sec.android.app.shealth,2021-10-07 16:38:38.874,,1.3078085,6709.0005,286.9512,9603,DQQ9M5Fmpd,com.sec.android.app.shealth,0,69a7ccde-aac8-408c-8a7e-4b737ffe80e2.achievement.json,69a7ccde-aac8-408c-8a7e-4b737ffe80e2,1633564800000,
28,1a22a3a9-c3ba-46cb-8958-1bdf36a820d1.binning_data.json,17320,6000,0,2021-10-17 20:46:23.623,com.sec.android.app.shealth,2021-10-17 20:46:23.623,,1.0761882,18.639767,0.75997066,28,DQQ9M5Fmpd,com.sec.android.app.shealth,0,1a22a3a9-c3ba-46cb-8958-1bdf36a820d1.achievement.json,1a22a3a9-c3ba-46cb-8958-1bdf36a820d1,1634428800000,
8250,d79e7cc7-9d53-4cd9-b873-46c6c1a573c8.binning_data.json,4376433,6000,34,2021-10-26 18:47:39.547,com.sec.android.app.shealth,2021-10-26 00:57:02.695,d79e7cc7-9d53-4cd9-b873-46c6c1a573c8.source_info.json,1.3333561,5835.345,372.0204,8216,VfS0qUERdZ,com.sec.android.app.shealth,0,d79e7cc7-9d53-4cd9-b873-46c6c1a573c8.achievement.json,d79e7cc7-9d53-4cd9-b873-46c6c1a573c8,1635206400000,
2413,91a8a285-68b4-4b2b-ab12-0dc0a38a105c.binning_data.json,1134874,6000,37,2021-10-25 20:57:12.858,com.sec.android.app.shealth,2021-10-25 20:57:12.858,,1.4623902,1659.63,77.92,2376,6fPiwL19M5,com.sec.android.app.shealth,0,91a8a285-68b4-4b2b-ab12-0dc0a38a105c.achievement.json,91a8a285-68b4-4b2b-ab12-0dc0a38a105c,1635120000000,
6243,870b3b59-5f94-485d-a41b-62aedaf575f2.binning_data.json,3476194,6000,18,2021-10-20 15:00:25.194,com.sec.android.app.shealth,2021-10-19 19:06:50.483,,1.2461638,4331.9077,189.75018,6225,DQQ9M5Fmpd,com.sec.android.app.shealth,0,870b3b59-5f94-485d-a41b-62aedaf575f2.achievement.json,870b3b59-5f94-485d-a41b-62aedaf575f2,1634601600000,
7557,a48dd66c-bdcc-4f19-932c-967d35b5ed82.binning_data.json,3968321,6000,9,2021-10-27 15:36:53.629,com.sec.android.app.shealth,2021-10-27 15:36:53.629,,1.346806,5344.56,336.36,7548,6fPiwL19M5,com.sec.android.app.shealth,0,a48dd66c-bdcc-4f19-932c-967d35b5ed82.achievement.json,a48dd66c-bdcc-4f19-932c-967d35b5ed82,1635292800000,
4940,0c0addc7-6f4b-46b9-a89a-c5a3286d8d3d.binning_data.json,2455398,6000,36,2021-10-29 00:28:09.292,com.sec.android.app.shealth,2021-10-27 23:15:04.433,0c0addc7-6f4b-46b9-a89a-c5a3286d8d3d.source_info.json,1.4606434,3586.4612,215.77066,4904,VfS0qUERdZ,com.sec.android.app.shealth,0,0c0addc7-6f4b-46b9-a89a-c5a3286d8d3d.achievement.json,0c0addc7-6f4b-46b9-a89a-c5a3286d8d3d,1635379200000,
5375,84e76fea-b092-4643-b8c4-e7ce927d9c88.binning_data.json,2885013,6000,22,2021-10-22 16:45:42.068,com.sec.android.app.shealth,2021-10-21 16:55:09.061,,1.3075806,3772.388,161.91008,5353,DQQ9M5Fmpd,com.sec.android.app.shealth,0,84e76fea-b092-4643-b8c4-e7ce927d9c88.achievement.json,84e76fea-b092-4643-b8c4-e7ce927d9c88,1634774400000,
3037,3fdb50b7-b119-427d-9029-707a32f008a6.binning_data.json,1424973,6000,19,2021-10-29 15:16:57.938,com.sec.android.app.shealth,2021-10-29 15:16:57.938,,1.4903439,2123.7,141.47,3018,6fPiwL19M5,com.sec.android.app.shealth,0,3fdb50b7-b119-427d-9029-707a32f008a6.achievement.json,3fdb50b7-b119-427d-9029-707a32f008a6,1635465600000,
76,f149f7bc-dcc4-4e29-9798-15f090ea7f4a.binning_data.json,46712,6000,0,2021-10-31 15:00:04.082,com.sec.android.app.shealth,2021-10-30 16:43:43.361,,1.1457423,53.52,3.4,76,DQQ9M5Fmpd,com.sec.android.app.shealth,0,f149f7bc-dcc4-4e29-9798-15f090ea7f4a.achievement.json,f149f7bc-dcc4-4e29-9798-15f090ea7f4a,1635552000000,
12,8d9e82eb-3af5-42ca-881c-d1800e5a4b86.binning_data.json,7103,6000,0,2021-10-23 15:11:33.758,com.sec.android.app.shealth,2021-10-23 15:11:33.758,,1.1388888,8.09,0.31,12,DQQ9M5Fmpd,com.sec.android.app.shealth,0,8d9e82eb-3af5-42ca-881c-d1800e5a4b86.achievement.json,8d9e82eb-3af5-42ca-881c-d1800e5a4b86,1634947200000,
5624,1eeb6469-a080-40da-a7b2-370b976efcd4.binning_data.json,2909811,6000,8,2021-10-26 17:56:12.049,com.sec.android.app.shealth,2021-10-25 20:57:20.008,,1.3679788,3980.56,210.94,5616,DQQ9M5Fmpd,com.sec.android.app.shealth,0,1eeb6469-a080-40da-a7b2-370b976efcd4.achievement.json,1eeb6469-a080-40da-a7b2-370b976efcd4,1635120000000,
4617,0b1c435e-611d-44ca-b229-e1e9bd4c2fff.binning_data.json,2400040,6000,15,2021-11-01 05:05:33.402,com.sec.android.app.shealth,2021-10-31 21:22:39.418,0b1c435e-611d-44ca-b229-e1e9bd4c2fff.source_info.json,1.3679816,3283.2117,211.49028,4602,VfS0qUERdZ,com.sec.android.app.shealth,0,0b1c435e-611d-44ca-b229-e1e9bd4c2fff.achievement.json,0b1c435e-611d-44ca-b229-e1e9bd4c2fff,1635724800000,
6552,f801a40b-898b-4608-8f71-bd99d9cb30bb.binning_data.json,3452072,6000,8,2021-10-08 15:46:41.217,com.sec.android.app.shealth,2021-10-08 15:46:41.217,,1.2903348,4454.33,201.53,6544,6fPiwL19M5,com.sec.android.app.shealth,0,f801a40b-898b-4608-8f71-bd99d9cb30bb.achievement.json,f801a40b-898b-4608-8f71-bd99d9cb30bb,1633651200000,
7318,ae345d98-4754-4012-b24d-643327947a7f.binning_data.json,3998944,6000,42,2021-10-27 15:36:55.759,com.sec.android.app.shealth,2021-10-27 15:36:55.759,,1.3227988,5289.799,330.90222,7276,DQQ9M5Fmpd,com.sec.android.app.shealth,0,ae345d98-4754-4012-b24d-643327947a7f.achievement.json,ae345d98-4754-4012-b24d-643327947a7f,1635292800000,
4133,24a1a89c-c625-4019-9817-6992706b8956.binning_data.json,2215725,6000,10,2021-10-10 15:00:05.772,com.sec.android.app.shealth,2021-10-10 15:00:05.772,,1.3014519,2883.66,122.66,4123,6fPiwL19M5,com.sec.android.app.shealth,0,24a1a89c-c625-4019-9817-6992706b8956.achievement.json,24a1a89c-c625-4019-9817-6992706b8956,1633824000000,
76,ac89d9ab-b54c-4b5f-b4fc-1493ffe99a20.binning_data.json,46712,6000,0,2021-10-30 21:40:28.774,com.sec.android.app.shealth,2021-10-29 21:58:00.832,ac89d9ab-b54c-4b5f-b4fc-1493ffe99a20.source_info.json,1.1457423,53.52,3.4,76,VfS0qUERdZ,com.sec.android.app.shealth,0,ac89d9ab-b54c-4b5f-b4fc-1493ffe99a20.achievement.json,ac89d9ab-b54c-4b5f-b4fc-1493ffe99a20,1635552000000,
9551,cf4c7e91-67ef-44e4-9b25-eab363af2415.binning_data.json,5169938,6000,81,2021-10-06 10:15:20.007,com.sec.android.app.shealth,2021-10-05 21:50:14.585,cf4c7e91-67ef-44e4-9b25-eab363af2415.source_info.json,1.2656822,6543.4985,293.42023,9470,VfS0qUERdZ,com.sec.android.app.shealth,0,cf4c7e91-67ef-44e4-9b25-eab363af2415.achievement.json,cf4c7e91-67ef-44e4-9b25-eab363af2415,1633478400000,
10,19c17d7d-7cb8-44d8-9c44-5593efa86cb1.binning_data.json,5805,6000,0,2021-10-12 15:03:10.042,com.sec.android.app.shealth,2021-10-12 15:03:10.042,,1.1196398,6.5,0.31,10,DQQ9M5Fmpd,com.sec.android.app.shealth,0,19c17d7d-7cb8-44d8-9c44-5593efa86cb1.achievement.json,19c17d7d-7cb8-44d8-9c44-5593efa86cb1,1633910400000,
9981,10cab4bb-5544-49a5-90c8-b553d6ae6f68.binning_data.json,5670638,6000,4,2021-10-10 15:00:09.737,com.sec.android.app.shealth,2021-10-09 15:00:13.995,,1.2086445,6853.786,294.21606,9977,DQQ9M5Fmpd,com.sec.android.app.shealth,0,10cab4bb-5544-49a5-90c8-b553d6ae6f68.achievement.json,10cab4bb-5544-49a5-90c8-b553d6ae6f68,1633737600000,
8996,865e7c9c-3d86-45e4-b196-794b0604e2a0.binning_data.json,4821964,6000,28,2021-10-08 21:38:50.117,com.sec.android.app.shealth,2021-10-07 17:30:27.338,865e7c9c-3d86-45e4-b196-794b0604e2a0.source_info.json,1.2782787,6163.8145,277.28098,8968,VfS0qUERdZ,com.sec.android.app.shealth,0,865e7c9c-3d86-45e4-b196-794b0604e2a0.achievement.json,865e7c9c-3d86-45e4-b196-794b0604e2a0,1633651200000,
5880,2041afe6-14cd-4ee8-b58e-e2325cbbde3c.binning_data.json,3317172,6000,0,2021-10-14 16:22:32.210,com.sec.android.app.shealth,2021-10-14 16:22:32.210,,1.1912706,3951.65,181.03,5880,6fPiwL19M5,com.sec.android.app.shealth,0,2041afe6-14cd-4ee8-b58e-e2325cbbde3c.achievement.json,2041afe6-14cd-4ee8-b58e-e2325cbbde3c,1634169600000,
11,911202e5-d001-4f51-8297-c6a8794bc6bc.binning_data.json,6915,6000,0,2021-10-16 15:19:49.219,com.sec.android.app.shealth,2021-10-16 15:19:49.219,,1.0555556,7.3,0.33,11,DQQ9M5Fmpd,com.sec.android.app.shealth,0,911202e5-d001-4f51-8297-c6a8794bc6bc.achievement.json,911202e5-d001-4f51-8297-c6a8794bc6bc,1634342400000,
4700,a7b62119-c5ee-4f2c-ba04-be5428b57c9a.binning_data.json,2587230,6000,1,2021-10-10 22:04:56.149,com.sec.android.app.shealth,2021-10-09 22:15:38.279,a7b62119-c5ee-4f2c-ba04-be5428b57c9a.source_info.json,1.2555611,3248.4268,138.65025,4699,VfS0qUERdZ,com.sec.android.app.shealth,0,a7b62119-c5ee-4f2c-ba04-be5428b57c9a.achievement.json,a7b62119-c5ee-4f2c-ba04-be5428b57c9a,1633824000000,
5438,93c01a71-a5f1-43d6-b7bf-961f977e1407.binning_data.json,2691822,6000,43,2021-10-12 15:02:57.135,com.sec.android.app.shealth,2021-10-12 15:02:57.135,,1.3806481,3716.46,171.46,5395,6fPiwL19M5,com.sec.android.app.shealth,0,93c01a71-a5f1-43d6-b7bf-961f977e1407.achievement.json,93c01a71-a5f1-43d6-b7bf-961f977e1407,1633996800000,
6527,1c226891-033f-4b6f-bd6e-640e5ee86e22.binning_data.json,3556521,6000,16,2021-10-20 00:48:37.220,com.sec.android.app.shealth,2021-10-18 23:15:13.969,1c226891-033f-4b6f-bd6e-640e5ee86e22.source_info.json,1.2572955,4471.598,200.53018,6511,VfS0qUERdZ,com.sec.android.app.shealth,0,1c226891-033f-4b6f-bd6e-640e5ee86e22.achievement.json,1c226891-033f-4b6f-bd6e-640e5ee86e22,1634601600000,
5946,5edf0fc7-c537-43b7-b3e3-63e2ee010ff2.binning_data.json,2993967,6000,43,2021-10-12 21:50:41.448,com.sec.android.app.shealth,2021-10-11 22:55:31.093,5edf0fc7-c537-43b7-b3e3-63e2ee010ff2.source_info.json,1.3718646,4107.3184,186.17996,5903,VfS0qUERdZ,com.sec.android.app.shealth,0,5edf0fc7-c537-43b7-b3e3-63e2ee010ff2.achievement.json,5edf0fc7-c537-43b7-b3e3-63e2ee010ff2,1633996800000,
6152,5abab1cc-a99e-4954-8ee6-b4a95f012d6d.binning_data.json,3489490,6000,0,2021-10-14 21:55:59.252,com.sec.android.app.shealth,2021-10-13 22:55:27.529,5abab1cc-a99e-4954-8ee6-b4a95f012d6d.source_info.json,1.190025,4152.5806,187.43999,6152,VfS0qUERdZ,com.sec.android.app.shealth,0,5abab1cc-a99e-4954-8ee6-b4a95f012d6d.achievement.json,5abab1cc-a99e-4954-8ee6-b4a95f012d6d,1634169600000,
5384,51db49e5-a629-44b3-a441-67853158f7f7.binning_data.json,2890476,6000,22,2021-10-22 00:47:54.189,com.sec.android.app.shealth,2021-10-21 00:53:04.035,51db49e5-a629-44b3-a441-67853158f7f7.source_info.json,1.3072093,3778.458,162.16008,5362,VfS0qUERdZ,com.sec.android.app.shealth,0,51db49e5-a629-44b3-a441-67853158f7f7.achievement.json,51db49e5-a629-44b3-a441-67853158f7f7,1634774400000,
11,1adc9952-ac7c-47ed-a5f7-1b79c9e6a0df.binning_data.json,6915,6000,0,2021-10-15 19:45:28.985,com.sec.android.app.shealth,2021-10-15 19:45:28.985,1adc9952-ac7c-47ed-a5f7-1b79c9e6a0df.source_info.json,1.0555556,7.3,0.33,11,VfS0qUERdZ,com.sec.android.app.shealth,0,1adc9952-ac7c-47ed-a5f7-1b79c9e6a0df.achievement.json,1adc9952-ac7c-47ed-a5f7-1b79c9e6a0df,1634342400000,
5381,615eeaa2-2ba1-4646-89a5-0838bd128400.binning_data.json,2871952,6000,5,2021-10-19 19:06:50.469,com.sec.android.app.shealth,2021-10-18 15:00:08.271,,1.317761,3784.5464,161.81226,5376,DQQ9M5Fmpd,com.sec.android.app.shealth,0,615eeaa2-2ba1-4646-89a5-0838bd128400.achievement.json,615eeaa2-2ba1-4646-89a5-0838bd128400,1634515200000,
7002,d382ab93-fbcb-47d0-bd92-79e183722925.binning_data.json,3761583,6000,9,2021-10-21 16:55:09.120,com.sec.android.app.shealth,2021-10-20 15:00:25.039,,1.3050638,4909.1064,221.42108,6993,DQQ9M5Fmpd,com.sec.android.app.shealth,0,d382ab93-fbcb-47d0-bd92-79e183722925.achievement.json,d382ab93-fbcb-47d0-bd92-79e183722925,1634688000000,
19,c94f7672-31cd-4dd0-9a87-b9861394f2da.binning_data.json,9950,6000,0,2021-10-23 08:31:31.499,com.sec.android.app.shealth,2021-10-22 21:46:22.508,c94f7672-31cd-4dd0-9a87-b9861394f2da.source_info.json,1.337596,13.309999,0.49,19,VfS0qUERdZ,com.sec.android.app.shealth,0,c94f7672-31cd-4dd0-9a87-b9861394f2da.achievement.json,c94f7672-31cd-4dd0-9a87-b9861394f2da,1634947200000,
7143,6ecbecc6-1714-4128-8a79-577f8b18a2db.binning_data.json,3811967,6000,13,2021-10-14 16:22:42.823,com.sec.android.app.shealth,2021-10-13 15:00:05.439,,1.3148732,5012.2544,217.32986,7130,DQQ9M5Fmpd,com.sec.android.app.shealth,0,6ecbecc6-1714-4128-8a79-577f8b18a2db.achievement.json,6ecbecc6-1714-4128-8a79-577f8b18a2db,1634083200000,
6041,9793aea8-1111-416a-87e6-abf1c36658d7.binning_data.json,3230861,6000,0,2021-10-23 15:11:34.296,com.sec.android.app.shealth,2021-10-22 16:45:42.007,,1.3148266,4248.0234,183.72043,6041,DQQ9M5Fmpd,com.sec.android.app.shealth,0,9793aea8-1111-416a-87e6-abf1c36658d7.achievement.json,9793aea8-1111-416a-87e6-abf1c36658d7,1634860800000,
5978,162dff55-c13f-496f-8d39-f7f773468a78.binning_data.json,3227666,6000,0,2021-10-15 18:23:21.960,com.sec.android.app.shealth,2021-10-15 18:23:21.960,,1.2961816,4183.642,179.39032,5978,DQQ9M5Fmpd,com.sec.android.app.shealth,0,162dff55-c13f-496f-8d39-f7f773468a78.achievement.json,162dff55-c13f-496f-8d39-f7f773468a78,1634256000000,
36,5c486884-c0d8-4203-a1bf-2e92980ef3f3.binning_data.json,21026,6000,0,2021-10-25 20:57:20.022,com.sec.android.app.shealth,2021-10-24 16:12:24.383,,1.1623269,24.44,1.04,36,DQQ9M5Fmpd,com.sec.android.app.shealth,0,5c486884-c0d8-4203-a1bf-2e92980ef3f3.achievement.json,5c486884-c0d8-4203-a1bf-2e92980ef3f3,1635033600000,
5740,15a94e9b-cf15-4ead-90f2-4b49b0703959.binning_data.json,2910899,6000,22,2021-10-18 15:00:05.104,com.sec.android.app.shealth,2021-10-18 15:00:05.104,,1.3497168,3928.89,179.34,5718,6fPiwL19M5,com.sec.android.app.shealth,0,15a94e9b-cf15-4ead-90f2-4b49b0703959.achievement.json,15a94e9b-cf15-4ead-90f2-4b49b0703959,1634515200000,
1838,b419cdaa-d32c-4e0d-a55f-74c443d1442e.binning_data.json,820633,6000,0,2021-10-20 15:00:22.246,com.sec.android.app.shealth,2021-10-20 15:00:22.246,,1.38694,1138.17,62.56,1838,6fPiwL19M5,com.sec.android.app.shealth,0,b419cdaa-d32c-4e0d-a55f-74c443d1442e.achievement.json,b419cdaa-d32c-4e0d-a55f-74c443d1442e,1634688000000,
7667,c73476bc-91a1-46e3-a81f-7075731a7eff.binning_data.json,4117764,6000,34,2021-10-27 15:36:55.599,com.sec.android.app.shealth,2021-10-26 17:56:12.128,,1.3239254,5451.613,349.9505,7633,DQQ9M5Fmpd,com.sec.android.app.shealth,0,c73476bc-91a1-46e3-a81f-7075731a7eff.achievement.json,c73476bc-91a1-46e3-a81f-7075731a7eff,1635206400000,
3909,826d3a8d-d283-4b2c-a220-d9fcf40f0535.binning_data.json,1952322,6000,0,2021-10-22 16:45:35.990,com.sec.android.app.shealth,2021-10-22 16:45:35.990,,1.3361672,2608.63,123.6,3909,6fPiwL19M5,com.sec.android.app.shealth,0,826d3a8d-d283-4b2c-a220-d9fcf40f0535.achievement.json,826d3a8d-d283-4b2c-a220-d9fcf40f0535,1634860800000,
20,bf92c318-b9f3-4bb4-bbda-87bc13858cb9.binning_data.json,8657,6000,0,2021-10-24 16:12:15.096,com.sec.android.app.shealth,2021-10-24 16:12:15.096,,1.7835228,15.440001,0.58000004,20,6fPiwL19M5,com.sec.android.app.shealth,0,bf92c318-b9f3-4bb4-bbda-87bc13858cb9.achievement.json,bf92c318-b9f3-4bb4-bbda-87bc13858cb9,1635033600000,
3719,9619ba4d-2eaf-476e-b8f1-9943ac7dffbe.binning_data.json,1944012,6000,8,2021-10-26 17:55:23.444,com.sec.android.app.shealth,2021-10-26 17:55:23.444,,1.3531805,2630.6,164.0,3711,6fPiwL19M5,com.sec.android.app.shealth,0,9619ba4d-2eaf-476e-b8f1-9943ac7dffbe.achievement.json,9619ba4d-2eaf-476e-b8f1-9943ac7dffbe,1635206400000,
4459,3a1bf261-54f9-4c96-9045-dd2ac826335a.binning_data.json,2277732,6000,36,2021-10-30 16:43:43.397,com.sec.android.app.shealth,2021-10-28 19:44:28.253,,1.4417984,3284.031,198.59065,4423,DQQ9M5Fmpd,com.sec.android.app.shealth,0,3a1bf261-54f9-4c96-9045-dd2ac826335a.achievement.json,3a1bf261-54f9-4c96-9045-dd2ac826335a,1635379200000,
5896,daa0387e-e231-4cda-8327-9bd76c192267.binning_data.json,3002616,6000,37,2021-10-26 00:57:03.327,com.sec.android.app.shealth,2021-10-24 21:16:47.014,daa0387e-e231-4cda-8327-9bd76c192267.source_info.json,1.3778381,4137.12,222.72,5859,VfS0qUERdZ,com.sec.android.app.shealth,0,daa0387e-e231-4cda-8327-9bd76c192267.achievement.json,daa0387e-e231-4cda-8327-9bd76c192267,1635120000000,
1873,6e01c062-37f5-43a0-9067-2dfba9088051.binning_data.json,861086,6000,0,2021-10-28 19:44:23.470,com.sec.android.app.shealth,2021-10-28 19:44:23.470,,1.52224,1310.78,82.17,1873,6fPiwL19M5,com.sec.android.app.shealth,0,6e01c062-37f5-43a0-9067-2dfba9088051.achievement.json,6e01c062-37f5-43a0-9067-2dfba9088051,1635379200000,
51,ff89467f-56af-4824-87df-8bf75e1bfc6c.binning_data.json,25660,6000,0,2021-10-31 17:02:06.312,com.sec.android.app.shealth,2021-10-31 04:18:06.344,ff89467f-56af-4824-87df-8bf75e1bfc6c.source_info.json,1.4723173,37.780003,2.1800003,51,VfS0qUERdZ,com.sec.android.app.shealth,0,ff89467f-56af-4824-87df-8bf75e1bfc6c.achievement.json,ff89467f-56af-4824-87df-8bf75e1bfc6c,1635638400000,
8546,8bf33098-4c9d-460f-b5a4-089feddbd13b.binning_data.json,4529918,6000,12,2021-10-27 11:40:11.522,com.sec.android.app.shealth,2021-10-26 21:43:02.782,8bf33098-4c9d-460f-b5a4-089feddbd13b.source_info.json,1.3428938,6083.2007,384.51035,8534,VfS0qUERdZ,com.sec.android.app.shealth,0,8bf33098-4c9d-460f-b5a4-089feddbd13b.achievement.json,8bf33098-4c9d-460f-b5a4-089feddbd13b,1635292800000,
6283,dad11d45-775a-49d4-a750-61fcddf607e9.binning_data.json,3467183,6000,5,2021-10-30 16:43:43.626,com.sec.android.app.shealth,2021-10-30 16:43:43.626,,1.3057308,4527.2085,294.56076,6278,DQQ9M5Fmpd,com.sec.android.app.shealth,0,dad11d45-775a-49d4-a750-61fcddf607e9.achievement.json,dad11d45-775a-49d4-a750-61fcddf607e9,1635465600000,
6753,3677222f-7e3f-44d6-bdc3-4ad8830894d4.binning_data.json,3605500,6000,19,2021-10-29 21:58:01.619,com.sec.android.app.shealth,2021-10-29 00:28:08.598,3677222f-7e3f-44d6-bdc3-4ad8830894d4.source_info.json,1.3269717,4784.3975,318.51065,6734,VfS0qUERdZ,com.sec.android.app.shealth,0,3677222f-7e3f-44d6-bdc3-4ad8830894d4.achievement.json,3677222f-7e3f-44d6-bdc3-4ad8830894d4,1635465600000,
40,bc59bf45-872e-426e-83de-5a97f473727f.binning_data.json,21471,6000,0,2021-10-31 15:00:02.554,com.sec.android.app.shealth,2021-10-31 15:00:02.554,,1.3585398,29.170002,1.7100003,40,6fPiwL19M5,com.sec.android.app.shealth,0,bc59bf45-872e-426e-83de-5a97f473727f.achievement.json,bc59bf45-872e-426e-83de-5a97f473727f,1635638400000,
