com.samsung.shealth.step_daily_trend,6195017,6
binning_data,update_time,create_time,source_pkg_name,source_type,count,speed,distance,calorie,deviceuuid,pkg_name,datauuid,day_time
53a9f477-16dc-4617-91e6-8ba3a088eaf2.binning_data.json,2021-10-02 15:00:04.943,2021-10-01 01:43:47.416,com.sec.android.app.shealth,102,7383,1.2718982,5136.353,222.09998,DQQ9M5Fmpd,com.sec.android.app.shealth,53a9f477-16dc-4617-91e6-8ba3a088eaf2,1633046400000,
3f0ef1fb-a2fd-4d14-ac88-da60da034503.binning_data.json,2021-10-05 07:31:36.184,2021-10-01 21:04:00.755,com.sec.android.app.shealth,-2,2611,1.3341812,1992.3297,128.76001,VfS0qUERdZ,com.sec.android.app.shealth,3f0ef1fb-a2fd-4d14-ac88-da60da034503,1633132800000,
ecc04a11-3815-4026-b097-41e0c1a00e76.binning_data.json,2021-10-05 07:03:10.160,2021-10-05 07:03:10.160,com.sec.android.app.shealth,0,4519,1.3373274,3345.83,248.24,6fPiwL19M5,com.sec.android.app.shealth,ecc04a11-3815-4026-b097-41e0c1a00e76,1631145600000,
e62988e4-2fb7-49d7-86b5-9c7d9f13f815.binning_data.json,2021-10-05 07:31:36.161,2021-10-04 22:01:53.020,com.sec.android.app.shealth,-2,3636,1.2570755,2737.79,181.94,VfS0qUERdZ,com.sec.android.app.shealth,e62988e4-2fb7-49d7-86b5-9c7d9f13f815,1633305600000,
f37319a5-ad26-445d-ab4b-552b2e41e037.binning_data.json,2021-10-05 07:03:11.639,2021-10-01 15:51:43.621,com.sec.android.app.shealth,0,9124,1.2967179,6395.0103,367.95,6fPiwL19M5,com.sec.android.app.shealth,f37319a5-ad26-445d-ab4b-552b2e41e037,1633046400000,
7e80509c-ddcc-4ecb-be2d-25a5574db0ed.binning_data.json,2021-10-05 07:03:10.492,2021-10-05 07:03:10.492,com.sec.android.app.shealth,0,5015,1.2990278,3673.16,269.6,6fPiwL19M5,com.sec.android.app.shealth,7e80509c-ddcc-4ecb-be2d-25a5574db0ed,1631750400000,
e091d0a0-25ae-48ce-8d8b-ab19ed4677a3.binning_data.json,2021-10-05 07:31:36.731,2021-10-01 01:43:48.242,com.sec.android.app.shealth,-2,12054,1.2991024,8465.864,454.07996,VfS0qUERdZ,com.sec.android.app.shealth,e091d0a0-25ae-48ce-8d8b-ab19ed4677a3,1633046400000,
c9c817b7-33a0-45ff-8141-028410ab2eb6.binning_data.json,2021-10-05 07:03:10.196,2021-10-05 07:03:10.196,com.sec.android.app.shealth,0,2794,1.3383081,2141.97,139.47,6fPiwL19M5,com.sec.android.app.shealth,c9c817b7-33a0-45ff-8141-028410ab2eb6,1631404800000,
ca976759-badf-4ecb-9b73-4a4bd022b1cd.binning_data.json,2021-10-05 07:03:10.760,2021-10-05 07:03:10.760,com.sec.android.app.shealth,0,4183,1.3121253,3193.91,208.33,6fPiwL19M5,com.sec.android.app.shealth,ca976759-badf-4ecb-9b73-4a4bd022b1cd,1631923200000,
ea5cbe2d-9cea-4c4e-9c4b-11dc9ce4f79e.binning_data.json,2021-10-05 07:03:11.031,2021-10-05 07:03:11.031,com.sec.android.app.shealth,0,5264,1.3217578,3965.91,268.32,6fPiwL19M5,com.sec.android.app.shealth,ea5cbe2d-9cea-4c4e-9c4b-11dc9ce4f79e,1632009600000,
055cf48d-3347-41a8-b0e5-e7bcc60487f9.binning_data.json,2021-10-05 07:03:11.199,2021-10-05 07:03:11.199,com.sec.android.app.shealth,0,8047,1.3189956,6017.63,417.38998,6fPiwL19M5,com.sec.android.app.shealth,055cf48d-3347-41a8-b0e5-e7bcc60487f9,1632355200000,
30669d55-2df7-4915-beb4-50b1a47ac5df.binning_data.json,2021-10-02 15:00:04.877,2021-10-02 15:00:04.877,com.sec.android.app.shealth,102,58,1.6915097,43.18971,1.8600079,DQQ9M5Fmpd,com.sec.android.app.shealth,30669d55-2df7-4915-beb4-50b1a47ac5df,1633132800000,
8a4de385-ffb0-4d4b-865c-f7d5070dcdda.binning_data.json,2021-10-05 07:03:11.542,2021-10-05 07:03:11.542,com.sec.android.app.shealth,0,9751,1.3594639,7430.1797,492.67,6fPiwL19M5,com.sec.android.app.shealth,8a4de385-ffb0-4d4b-865c-f7d5070dcdda,1632873600000,
790eff58-8d7b-467d-b7c1-f931d3cc07b2.binning_data.json,2021-10-05 07:03:11.537,2021-10-02 15:00:03.220,com.sec.android.app.shealth,0,2553,1.3279653,1949.14,126.9,6fPiwL19M5,com.sec.android.app.shealth,790eff58-8d7b-467d-b7c1-f931d3cc07b2,1633132800000,
fe00c9a7-9c7e-422b-9073-226d87f8b36c.binning_data.json,2021-10-05 12:17:30.089,2021-10-04 23:15:02.625,com.sec.android.app.shealth,-2,7253,1.298748,5149.421,282.02997,VfS0qUERdZ,com.sec.android.app.shealth,fe00c9a7-9c7e-422b-9073-226d87f8b36c,1633392000000,
6fa1cdd9-3b37-46e7-99da-ea7b3cc2890d.binning_data.json,2021-10-05 07:03:10.169,2021-10-05 07:03:10.169,com.sec.android.app.shealth,0,3976,1.3305973,3030.17,200.51999,6fPiwL19M5,com.sec.android.app.shealth,6fa1cdd9-3b37-46e7-99da-ea7b3cc2890d,1631318400000,
e419a7ac-9533-4eb2-848b-73979e2e0703.binning_data.json,2021-10-05 07:31:36.203,2021-10-05 07:31:36.203,com.sec.android.app.shealth,-2,3300,1.352716,2546.22,165.8,VfS0qUERdZ,com.sec.android.app.shealth,e419a7ac-9533-4eb2-848b-73979e2e0703,1633219200000,
9ce3ed4e-662c-4dd9-98e7-90beae79f542.binning_data.json,2021-10-05 07:03:11.302,2021-10-05 07:03:11.302,com.sec.android.app.shealth,0,7581,1.3555009,5777.0396,383.6,6fPiwL19M5,com.sec.android.app.shealth,9ce3ed4e-662c-4dd9-98e7-90beae79f542,1632700800000,
56c944ad-f506-4df4-8392-50b238091b6c.binning_data.json,2021-10-05 07:31:37.516,2021-10-05 07:31:37.516,com.sec.android.app.shealth,-2,2102,1.3461652,1546.79,111.67,VfS0qUERdZ,com.sec.android.app.shealth,56c944ad-f506-4df4-8392-50b238091b6c,1632528000000,
d8ef8d3a-0c0e-46fe-984f-ffa31f36faf4.binning_data.json,2021-10-05 07:03:10.147,2021-10-05 07:03:10.147,com.sec.android.app.shealth,0,4871,1.2512856,3605.38,254.65,6fPiwL19M5,com.sec.android.app.shealth,d8ef8d3a-0c0e-46fe-984f-ffa31f36faf4,1631059200000,
0e548360-f315-4cdd-ba39-3d6573a0d0dc.binning_data.json,2021-10-05 07:03:10.164,2021-10-05 07:03:10.164,com.sec.android.app.shealth,0,2616,1.2358326,1942.26,134.98,6fPiwL19M5,com.sec.android.app.shealth,0e548360-f315-4cdd-ba39-3d6573a0d0dc,1631232000000,
296b3cf5-0a63-49bb-80ce-67382d15ff53.binning_data.json,2021-10-05 07:03:11.743,2021-10-05 07:03:11.743,com.sec.android.app.shealth,0,3621,1.2569982,2727.41,181.58,6fPiwL19M5,com.sec.android.app.shealth,296b3cf5-0a63-49bb-80ce-67382d15ff53,1633305600000,
20a1bd71-502b-445c-8159-590d3e17c2b7.binning_data.json,2021-10-05 07:31:38.318,2021-10-05 07:31:38.318,com.sec.android.app.shealth,-2,5264,1.3217578,3965.91,268.32,VfS0qUERdZ,com.sec.android.app.shealth,20a1bd71-502b-445c-8159-590d3e17c2b7,1632009600000,
626070e6-8f2c-4602-88e3-8df61bdd361a.binning_data.json,2021-10-05 07:31:38.981,2021-10-05 07:31:38.981,com.sec.android.app.shealth,-2,3677,1.2262809,2720.2,192.6,VfS0qUERdZ,com.sec.android.app.shealth,626070e6-8f2c-4602-88e3-8df61bdd361a,1631491200000,
a282ec12-c98f-4bc3-bdcd-d38d4a07b74b.binning_data.json,2021-10-05 07:03:10.614,2021-10-05 07:03:10.614,com.sec.android.app.shealth,0,3561,1.2566097,2658.73,181.53,6fPiwL19M5,com.sec.android.app.shealth,a282ec12-c98f-4bc3-bdcd-d38d4a07b74b,1631664000000,
341b2066-6f11-48f3-9f3c-e9c46a02f09a.binning_data.json,2021-10-05 07:03:10.427,2021-10-05 07:03:10.427,com.sec.android.app.shealth,0,3677,1.2262809,2720.2,192.6,6fPiwL19M5,com.sec.android.app.shealth,341b2066-6f11-48f3-9f3c-e9c46a02f09a,1631491200000,
750dc316-c7c8-4f0a-9d90-7a6faf4a9e09.binning_data.json,2021-10-05 07:03:10.592,2021-10-05 07:03:10.592,com.sec.android.app.shealth,0,3522,1.3478968,2615.99,184.28,6fPiwL19M5,com.sec.android.app.shealth,750dc316-c7c8-4f0a-9d90-7a6faf4a9e09,1631577600000,
0005d236-fd35-4a68-9dc7-0fa76965b576.binning_data.json,2021-10-05 07:03:10.492,2021-10-05 07:03:10.492,com.sec.android.app.shealth,0,3373,1.3713859,2563.6802,176.46002,6fPiwL19M5,com.sec.android.app.shealth,0005d236-fd35-4a68-9dc7-0fa76965b576,1631836800000,
440d00a6-3bfa-4682-bfc9-30170dadd267.binning_data.json,2021-10-05 07:31:37.137,2021-10-05 07:31:37.137,com.sec.android.app.shealth,-2,7581,1.3555009,5777.0396,383.6,VfS0qUERdZ,com.sec.android.app.shealth,440d00a6-3bfa-4682-bfc9-30170dadd267,1632700800000,
a3a70291-6d2c-4f47-8718-ee39f802864b.binning_data.json,2021-10-05 07:03:10.863,2021-10-05 07:03:10.863,com.sec.android.app.shealth,0,2210,1.3065485,1659.21,111.57,6fPiwL19M5,com.sec.android.app.shealth,a3a70291-6d2c-4f47-8718-ee39f802864b,1632096000000,
79dd3beb-c4d0-4d9d-aca8-14745feac9b3.binning_data.json,2021-10-05 07:03:11.018,2021-10-05 07:03:11.018,com.sec.android.app.shealth,0,2545,1.3920689,1933.45,130.75,6fPiwL19M5,com.sec.android.app.shealth,79dd3beb-c4d0-4d9d-aca8-14745feac9b3,1632268800000,
7defd44a-f7fc-4cda-9243-7b17817215b1.binning_data.json,2021-10-05 07:03:11.157,2021-10-05 07:03:11.157,com.sec.android.app.shealth,0,4939,1.2489104,3617.0,260.99,6fPiwL19M5,com.sec.android.app.shealth,7defd44a-f7fc-4cda-9243-7b17817215b1,1632441600000,
52160efd-7e12-4a1c-9705-c259b94bfc10.binning_data.json,2021-10-05 07:03:11.281,2021-10-05 07:03:11.281,com.sec.android.app.shealth,0,1663,1.427691,1274.26,83.45,6fPiwL19M5,com.sec.android.app.shealth,52160efd-7e12-4a1c-9705-c259b94bfc10,1632614400000,
79258942-968b-4a28-aa3b-8cfdd13867bf.binning_data.json,2021-10-05 16:29:46.923,2021-10-05 07:03:11.707,com.sec.android.app.shealth,0,6715,1.3007736,4733.17,266.4,6fPiwL19M5,com.sec.android.app.shealth,79258942-968b-4a28-aa3b-8cfdd13867bf,1633392000000,
88a758d1-9f73-4e42-9c88-9665050c5824.binning_data.json,2021-10-05 07:03:11.527,2021-10-05 07:03:11.527,com.sec.android.app.shealth,0,3300,1.352716,2546.22,165.8,6fPiwL19M5,com.sec.android.app.shealth,88a758d1-9f73-4e42-9c88-9665050c5824,1633219200000,
59fbf183-8c5c-4c14-9d4d-ac7de5c99c4c.binning_data.json,2021-10-05 07:03:20.067,2021-10-05 07:03:20.067,com.sec.android.app.shealth,102,15,1.2777779,10.38,0.36,DQQ9M5Fmpd,com.sec.android.app.shealth,59fbf183-8c5c-4c14-9d4d-ac7de5c99c4c,1633305600000,
341cd7a1-7c81-4b2d-b0c9-aadcff25ea03.binning_data.json,2021-10-05 07:31:36.845,2021-10-05 07:31:36.845,com.sec.android.app.shealth,-2,9751,1.3594639,7430.1797,492.67,VfS0qUERdZ,com.sec.android.app.shealth,341cd7a1-7c81-4b2d-b0c9-aadcff25ea03,1632873600000,
297fd8f1-5421-4f39-8ae8-053455774a96.binning_data.json,2021-10-05 07:31:37.344,2021-10-05 07:31:37.344,com.sec.android.app.shealth,-2,1663,1.427691,1274.26,83.45,VfS0qUERdZ,com.sec.android.app.shealth,297fd8f1-5421-4f39-8ae8-053455774a96,1632614400000,
1c2ba677-70d4-4b65-8ec0-f43d93882899.binning_data.json,2021-10-05 07:31:37.860,2021-10-05 07:31:37.860,com.sec.android.app.shealth,-2,8047,1.3189956,6017.63,417.38998,VfS0qUERdZ,com.sec.android.app.shealth,1c2ba677-70d4-4b65-8ec0-f43d93882899,1632355200000,
765db99f-7608-41f4-ad26-734f7ef99040.binning_data.json,2021-10-05 07:31:38.307,2021-10-05 07:31:38.307,com.sec.android.app.shealth,-2,1628,1.3765486,1258.7,80.51,VfS0qUERdZ,com.sec.android.app.shealth,765db99f-7608-41f4-ad26-734f7ef99040,1632182400000,
88c408f3-e1af-4eb5-acf1-1834ea7b9557.binning_data.json,2021-10-05 07:31:38.626,2021-10-05 07:31:38.626,com.sec.android.app.shealth,-2,5015,1.2990278,3673.16,269.6,VfS0qUERdZ,com.sec.android.app.shealth,88c408f3-e1af-4eb5-acf1-1834ea7b9557,1631750400000,
1acecc38-077e-47bd-b6de-82bf7ad7b78f.binning_data.json,2021-10-05 07:31:38.961,2021-10-05 07:31:38.961,com.sec.android.app.shealth,-2,3522,1.3478968,2615.99,184.28,VfS0qUERdZ,com.sec.android.app.shealth,1acecc38-077e-47bd-b6de-82bf7ad7b78f,1631577600000,
73b144ef-3ce7-4ec0-beba-25f87c29102a.binning_data.json,2021-10-05 07:31:39.278,2021-10-05 07:31:39.278,com.sec.android.app.shealth,-2,2616,1.2358326,1942.26,134.98,VfS0qUERdZ,com.sec.android.app.shealth,73b144ef-3ce7-4ec0-beba-25f87c29102a,1631232000000,
c4efe78e-3d0c-4c59-b627-133cbea2457f.binning_data.json,2021-10-05 07:31:37.903,2021-10-05 07:31:37.903,com.sec.android.app.shealth,-2,2545,1.3920689,1933.45,130.75,VfS0qUERdZ,com.sec.android.app.shealth,c4efe78e-3d0c-4c59-b627-133cbea2457f,1632268800000,
758eab9e-52e2-4a25-a40e-ade69b628760.binning_data.json,2021-10-05 07:03:11.037,2021-10-05 07:03:11.037,com.sec.android.app.shealth,0,1628,1.3765486,1258.7,80.51,6fPiwL19M5,com.sec.android.app.shealth,758eab9e-52e2-4a25-a40e-ade69b628760,1632182400000,
70c3935a-5d95-4dfd-9011-20ae9533d6a2.binning_data.json,2021-10-06 10:15:20.069,2021-10-05 21:50:14.663,com.sec.android.app.shealth,-2,9551,1.2656822,6543.4985,293.42023,VfS0qUERdZ,com.sec.android.app.shealth,70c3935a-5d95-4dfd-9011-20ae9533d6a2,1633478400000,
60d5cb9a-ffad-4da2-ac9e-1c29084a5da0.binning_data.json,2021-10-05 07:03:11.231,2021-10-05 07:03:11.231,com.sec.android.app.shealth,0,2102,1.3461652,1546.79,111.67,6fPiwL19M5,com.sec.android.app.shealth,60d5cb9a-ffad-4da2-ac9e-1c29084a5da0,1632528000000,
80a4e0b8-3bc9-4a05-9aae-f495e17b8753.binning_data.json,2021-10-06 16:25:18.808,2021-10-06 16:25:18.808,com.sec.android.app.shealth,102,8473,1.25224,5878.2603,254.54063,DQQ9M5Fmpd,com.sec.android.app.shealth,80a4e0b8-3bc9-4a05-9aae-f495e17b8753,1633478400000,
b5720cd9-21a3-4587-9bc5-b1da6343eb12.binning_data.json,2021-10-05 07:31:38.629,2021-10-05 07:31:38.629,com.sec.android.app.shealth,-2,4183,1.3121253,3193.91,208.33,VfS0qUERdZ,com.sec.android.app.shealth,b5720cd9-21a3-4587-9bc5-b1da6343eb12,1631923200000,
372c3354-efc3-4d4d-86cd-68c205c61aa8.binning_data.json,2021-10-05 07:03:11.305,2021-10-05 07:03:11.305,com.sec.android.app.shealth,0,3979,1.2748777,2948.25,208.9,6fPiwL19M5,com.sec.android.app.shealth,372c3354-efc3-4d4d-86cd-68c205c61aa8,1632787200000,
d465a44b-fc2a-4c83-9f3e-1b255ee0b148.binning_data.json,2021-10-08 21:38:50.210,2021-10-07 17:30:27.430,com.sec.android.app.shealth,-2,8996,1.2782787,6163.8145,277.28098,VfS0qUERdZ,com.sec.android.app.shealth,d465a44b-fc2a-4c83-9f3e-1b255ee0b148,1633651200000,
bc54ceff-c16b-4021-9cd7-76c029e7e625.binning_data.json,2021-10-05 07:03:11.586,2021-10-05 07:03:11.586,com.sec.android.app.shealth,0,7429,1.3437064,5586.72,379.63,6fPiwL19M5,com.sec.android.app.shealth,bc54ceff-c16b-4021-9cd7-76c029e7e625,1632960000000,
ae4d1613-ac27-4588-bd8c-8c0820ab0092.binning_data.json,2021-10-09 15:00:13.898,2021-10-08 15:46:56.168,com.sec.android.app.shealth,102,7584,1.2478185,5250.09,232.40138,DQQ9M5Fmpd,com.sec.android.app.shealth,ae4d1613-ac27-4588-bd8c-8c0820ab0092,1633651200000,
45094c19-62fa-456f-aa56-00719a8753d5.binning_data.json,2021-10-05 07:31:39.292,2021-10-05 07:31:39.292,com.sec.android.app.shealth,-2,3976,1.3305973,3030.17,200.51999,VfS0qUERdZ,com.sec.android.app.shealth,45094c19-62fa-456f-aa56-00719a8753d5,1631318400000,
97647914-b205-4392-a848-614d378734f4.binning_data.json,2021-10-05 16:30:51.805,2021-10-05 07:03:20.011,com.sec.android.app.shealth,102,3604,1.3080058,2527.161,106.76999,DQQ9M5Fmpd,com.sec.android.app.shealth,97647914-b205-4392-a848-614d378734f4,1633392000000,
fc680d4f-294d-46fa-9abd-95b3ea82c521.binning_data.json,2021-10-10 22:04:56.207,2021-10-09 22:15:38.379,com.sec.android.app.shealth,-2,4700,1.2555611,3248.4268,138.65025,VfS0qUERdZ,com.sec.android.app.shealth,fc680d4f-294d-46fa-9abd-95b3ea82c521,1633824000000,
f6bef5e9-1bca-4a8a-8f5a-8df2d3586284.binning_data.json,2021-10-05 07:31:36.754,2021-10-05 07:31:36.754,com.sec.android.app.shealth,-2,7429,1.3437064,5586.72,379.63,VfS0qUERdZ,com.sec.android.app.shealth,f6bef5e9-1bca-4a8a-8f5a-8df2d3586284,1632960000000,
229055ad-eeac-4ba1-b0e5-9800e73e7cba.binning_data.json,2021-10-12 15:03:10.098,2021-10-10 15:00:09.741,com.sec.android.app.shealth,102,3838,1.1678463,2615.7417,110.68062,DQQ9M5Fmpd,com.sec.android.app.shealth,229055ad-eeac-4ba1-b0e5-9800e73e7cba,1633824000000,
de089936-d504-4829-894d-5cfa846c8ceb.binning_data.json,2021-10-07 13:37:05.351,2021-10-06 22:54:08.600,com.sec.android.app.shealth,-2,11288,1.3286465,7761.9653,342.7008,VfS0qUERdZ,com.sec.android.app.shealth,de089936-d504-4829-894d-5cfa846c8ceb,1633564800000,
eb6a30f7-077f-4485-a10c-039a6f8eee8f.binning_data.json,2021-10-05 07:31:37.248,2021-10-05 07:31:37.248,com.sec.android.app.shealth,-2,3979,1.2748777,2948.25,208.9,VfS0qUERdZ,com.sec.android.app.shealth,eb6a30f7-077f-4485-a10c-039a6f8eee8f,1632787200000,
22736d2c-5a55-4b38-91d9-6636bcf2aa9b.binning_data.json,2021-10-12 15:02:57.717,2021-10-12 15:02:57.717,com.sec.android.app.shealth,0,5438,1.3806481,3716.46,171.46,6fPiwL19M5,com.sec.android.app.shealth,22736d2c-5a55-4b38-91d9-6636bcf2aa9b,1633996800000,
884cd753-4415-4fc1-9059-26830e62a486.binning_data.json,2021-10-05 07:31:37.842,2021-10-05 07:31:37.842,com.sec.android.app.shealth,-2,4939,1.2489104,3617.0,260.99,VfS0qUERdZ,com.sec.android.app.shealth,884cd753-4415-4fc1-9059-26830e62a486,1632441600000,
a72336d3-9a81-444c-a718-6eb38f5aceb5.binning_data.json,2021-10-12 15:03:10.151,2021-10-12 15:03:10.151,com.sec.android.app.shealth,102,10,1.1196398,6.5,0.31,DQQ9M5Fmpd,com.sec.android.app.shealth,a72336d3-9a81-444c-a718-6eb38f5aceb5,1633910400000,
b358d4b8-d133-492f-889f-3814a6f37e1c.binning_data.json,2021-10-09 22:15:39.274,2021-10-09 00:21:05.516,com.sec.android.app.shealth,-2,9989,1.2084426,6859.276,294.42606,VfS0qUERdZ,com.sec.android.app.shealth,b358d4b8-d133-492f-889f-3814a6f37e1c,1633737600000,
e47a4d8c-17df-4ea6-a63f-b186e152be87.binning_data.json,2021-10-05 07:31:38.305,2021-10-05 07:31:38.305,com.sec.android.app.shealth,-2,2210,1.3065485,1659.21,111.57,VfS0qUERdZ,com.sec.android.app.shealth,e47a4d8c-17df-4ea6-a63f-b186e152be87,1632096000000,
fd9709cd-ed92-4ba5-9aa1-84e1a2c6ee8a.binning_data.json,2021-10-14 21:55:59.306,2021-10-13 22:55:27.564,com.sec.android.app.shealth,-2,6152,1.190025,4152.5806,187.43999,VfS0qUERdZ,com.sec.android.app.shealth,fd9709cd-ed92-4ba5-9aa1-84e1a2c6ee8a,1634169600000,
34db9b4b-2051-4bf0-b0f0-2f105af6c942.binning_data.json,2021-10-05 07:31:38.599,2021-10-05 07:31:38.599,com.sec.android.app.shealth,-2,3373,1.3713859,2563.6802,176.46002,VfS0qUERdZ,com.sec.android.app.shealth,34db9b4b-2051-4bf0-b0f0-2f105af6c942,1631836800000,
3e581c78-2d1f-4f92-b3a4-451e23ada97b.binning_data.json,2021-10-15 18:23:21.950,2021-10-14 16:22:42.796,com.sec.android.app.shealth,102,5459,1.16654,3721.0684,161.89072,DQQ9M5Fmpd,com.sec.android.app.shealth,3e581c78-2d1f-4f92-b3a4-451e23ada97b,1634169600000,
4582dc8c-9277-46a6-b09b-dc0b867dd924.binning_data.json,2021-10-11 15:15:52.180,2021-10-11 15:15:52.180,com.sec.android.app.shealth,0,13,1.6944444,9.72,0.34,6fPiwL19M5,com.sec.android.app.shealth,4582dc8c-9277-46a6-b09b-dc0b867dd924,1633910400000,
a956288a-c032-45b9-b827-50eeba6b388a.binning_data.json,2021-10-05 07:31:38.907,2021-10-05 07:31:38.907,com.sec.android.app.shealth,-2,3561,1.2566097,2658.73,181.53,VfS0qUERdZ,com.sec.android.app.shealth,a956288a-c032-45b9-b827-50eeba6b388a,1631664000000,
481f45c9-7ec3-4e6c-92b5-ad7fb75083bc.binning_data.json,2021-10-15 19:45:29.225,2021-10-15 19:45:29.225,com.sec.android.app.shealth,-2,11,1.0555556,7.3,0.33,VfS0qUERdZ,com.sec.android.app.shealth,481f45c9-7ec3-4e6c-92b5-ad7fb75083bc,1634342400000,
5ca35c9b-9034-49dc-9cd4-3096bfd6b29a.binning_data.json,2021-10-05 07:31:39.242,2021-10-05 07:31:39.242,com.sec.android.app.shealth,-2,2794,1.3383081,2141.97,139.47,VfS0qUERdZ,com.sec.android.app.shealth,5ca35c9b-9034-49dc-9cd4-3096bfd6b29a,1631404800000,
22aa1288-a82f-41a5-ba72-9668ee9041f1.binning_data.json,2021-10-17 18:43:57.766,2021-10-17 18:43:57.766,com.sec.android.app.shealth,-2,28,1.0761882,18.639767,0.75997066,VfS0qUERdZ,com.sec.android.app.shealth,22aa1288-a82f-41a5-ba72-9668ee9041f1,1634428800000,
fbfbe0f3-0762-4392-b384-bb356c05b6af.binning_data.json,2021-10-13 21:48:49.783,2021-10-12 21:50:40.906,com.sec.android.app.shealth,-2,8356,1.3543782,5736.5513,260.0899,VfS0qUERdZ,com.sec.android.app.shealth,fbfbe0f3-0762-4392-b384-bb356c05b6af,1634083200000,
8aa8b767-022f-4f09-9366-80a09c095481.binning_data.json,2021-10-05 07:31:39.612,2021-10-05 07:31:39.612,com.sec.android.app.shealth,-2,4519,1.3373274,3345.83,248.24,VfS0qUERdZ,com.sec.android.app.shealth,8aa8b767-022f-4f09-9366-80a09c095481,1631145600000,
e52923a9-ffa4-4f64-9b65-00bdb29d49c9.binning_data.json,2021-10-19 19:06:50.528,2021-10-18 15:00:08.311,com.sec.android.app.shealth,102,5381,1.317761,3784.5464,161.81226,DQQ9M5Fmpd,com.sec.android.app.shealth,e52923a9-ffa4-4f64-9b65-00bdb29d49c9,1634515200000,
fe3aa2d9-6363-4aa2-9c33-39fce724b153.binning_data.json,2021-10-06 16:21:43.451,2021-10-06 16:21:43.451,com.sec.android.app.shealth,0,6330,1.2770058,4279.89,194.76,6fPiwL19M5,com.sec.android.app.shealth,fe3aa2d9-6363-4aa2-9c33-39fce724b153,1633478400000,
25361e77-62f7-432c-a165-b181153a82e0.binning_data.json,2021-10-19 19:06:45.544,2021-10-19 19:06:45.544,com.sec.android.app.shealth,0,2542,1.294848,1701.31,79.31,6fPiwL19M5,com.sec.android.app.shealth,25361e77-62f7-432c-a165-b181153a82e0,1634601600000,
05042a57-5000-4851-838f-291515c869ff.binning_data.json,2021-10-07 16:38:34.075,2021-10-07 16:38:34.075,com.sec.android.app.shealth,0,7276,1.3221868,4888.71,228.85,6fPiwL19M5,com.sec.android.app.shealth,05042a57-5000-4851-838f-291515c869ff,1633564800000,
3bebc02d-cf20-4b8a-83d8-e3fd8fa70e77.binning_data.json,2021-10-21 16:55:09.159,2021-10-20 15:00:25.137,com.sec.android.app.shealth,102,7002,1.3050638,4909.1064,221.42108,DQQ9M5Fmpd,com.sec.android.app.shealth,3bebc02d-cf20-4b8a-83d8-e3fd8fa70e77,1634688000000,
5626e875-8e00-43a1-b8ac-12a034658485.binning_data.json,2021-10-09 15:00:08.216,2021-10-09 15:00:08.216,com.sec.android.app.shealth,0,8,1.0000001,5.49,0.21,6fPiwL19M5,com.sec.android.app.shealth,5626e875-8e00-43a1-b8ac-12a034658485,1633737600000,
e236c3e9-a696-4c61-8501-a4d784c4e63c.binning_data.json,2021-10-11 21:38:26.306,2021-10-11 21:38:26.306,com.sec.android.app.shealth,-2,23,1.4053228,16.220001,0.65,VfS0qUERdZ,com.sec.android.app.shealth,e236c3e9-a696-4c61-8501-a4d784c4e63c,1633910400000,
d1654c2e-7caa-471c-9443-0d4eb5c708cb.binning_data.json,2021-10-13 15:00:03.328,2021-10-13 15:00:03.328,com.sec.android.app.shealth,0,7589,1.365512,5146.21,238.74,6fPiwL19M5,com.sec.android.app.shealth,d1654c2e-7caa-471c-9443-0d4eb5c708cb,1634083200000,
7067144b-2de9-4b10-9d94-68ae09fb2d88.binning_data.json,2021-10-15 18:23:16.030,2021-10-15 18:23:16.030,com.sec.android.app.shealth,0,6189,1.3216989,4222.81,190.37,6fPiwL19M5,com.sec.android.app.shealth,7067144b-2de9-4b10-9d94-68ae09fb2d88,1634256000000,
967ec1d6-e417-4c98-ae74-a2ce9126d924.binning_data.json,2021-10-18 21:13:51.663,2021-10-17 22:35:03.130,com.sec.android.app.shealth,-2,6065,1.3416158,4190.4233,186.62834,VfS0qUERdZ,com.sec.android.app.shealth,967ec1d6-e417-4c98-ae74-a2ce9126d924,1634515200000,
bd72c982-f6c4-4560-a061-f720af5d0516.binning_data.json,2021-10-21 16:53:58.010,2021-10-21 16:53:58.010,com.sec.android.app.shealth,0,9,1.111111,6.0699997,0.25,6fPiwL19M5,com.sec.android.app.shealth,bd72c982-f6c4-4560-a061-f720af5d0516,1634774400000,
1728aa28-d35f-458f-bb3d-3aeaa0847b28.binning_data.json,2021-10-05 07:31:39.649,2021-10-05 07:31:39.649,com.sec.android.app.shealth,-2,4871,1.2512856,3605.38,254.65,VfS0qUERdZ,com.sec.android.app.shealth,1728aa28-d35f-458f-bb3d-3aeaa0847b28,1631059200000,
d85ddb8f-58b0-4f08-a38d-ee986acf3ecf.binning_data.json,2021-10-23 15:08:23.241,2021-10-23 15:08:23.241,com.sec.android.app.shealth,0,7,1.8333335,5.22,0.18,6fPiwL19M5,com.sec.android.app.shealth,d85ddb8f-58b0-4f08-a38d-ee986acf3ecf,1634947200000,
394785cf-8bec-4972-9ab8-339cec825cf3.binning_data.json,2021-10-07 16:38:38.952,2021-10-07 16:38:38.952,com.sec.android.app.shealth,102,9623,1.3078085,6709.0005,286.9512,DQQ9M5Fmpd,com.sec.android.app.shealth,394785cf-8bec-4972-9ab8-339cec825cf3,1633564800000,
a61d6baf-2c8e-48db-8bcd-d304556323a5.binning_data.json,2021-10-25 20:57:12.999,2021-10-25 20:57:12.999,com.sec.android.app.shealth,0,2413,1.4623902,1659.63,77.92,6fPiwL19M5,com.sec.android.app.shealth,a61d6baf-2c8e-48db-8bcd-d304556323a5,1635120000000,
2e8bfbbc-bd6f-4555-b2fd-e9435a05aa05.binning_data.json,2021-10-08 15:46:41.310,2021-10-08 15:46:41.310,com.sec.android.app.shealth,0,6552,1.2903348,4454.33,201.53,6fPiwL19M5,com.sec.android.app.shealth,2e8bfbbc-bd6f-4555-b2fd-e9435a05aa05,1633651200000,
96ef4bf0-1ef8-4556-9b31-b4ae823662d3.binning_data.json,2021-10-21 00:53:04.774,2021-10-20 00:48:36.803,com.sec.android.app.shealth,-2,7222,1.3129537,4961.0215,227.91095,VfS0qUERdZ,com.sec.android.app.shealth,96ef4bf0-1ef8-4556-9b31-b4ae823662d3,1634688000000,
97c796b9-33e0-49ee-813f-00f6a3ed10e2.binning_data.json,2021-10-22 21:46:23.569,2021-10-22 00:47:53.616,com.sec.android.app.shealth,-2,6680,1.3374718,4609.051,204.45001,VfS0qUERdZ,com.sec.android.app.shealth,97c796b9-33e0-49ee-813f-00f6a3ed10e2,1634860800000,
19f8ed22-6c93-4cae-be69-e575b616eb4d.binning_data.json,2021-10-10 15:00:05.882,2021-10-10 15:00:05.882,com.sec.android.app.shealth,0,4133,1.3014519,2883.66,122.66,6fPiwL19M5,com.sec.android.app.shealth,19f8ed22-6c93-4cae-be69-e575b616eb4d,1633824000000,
d434a543-49a8-42e1-899a-d1e01f364048.binning_data.json,2021-10-13 15:00:05.509,2021-10-12 15:03:10.143,com.sec.android.app.shealth,102,5318,1.3348323,3749.1702,158.56978,DQQ9M5Fmpd,com.sec.android.app.shealth,d434a543-49a8-42e1-899a-d1e01f364048,1633996800000,
35b77033-bc92-462c-8679-7b7511ba87d7.binning_data.json,2021-10-24 21:16:48.149,2021-10-23 17:34:07.263,com.sec.android.app.shealth,-2,56,1.3434933,39.88,1.62,VfS0qUERdZ,com.sec.android.app.shealth,35b77033-bc92-462c-8679-7b7511ba87d7,1635033600000,
68a90554-d0cd-4eb0-8618-dad8943f1f2d.binning_data.json,2021-10-26 18:47:39.591,2021-10-26 00:57:02.851,com.sec.android.app.shealth,-2,8250,1.3333561,5835.345,372.0204,VfS0qUERdZ,com.sec.android.app.shealth,68a90554-d0cd-4eb0-8618-dad8943f1f2d,1635206400000,
0d7aa3f8-1320-4e4a-93da-698ca5b5e33f.binning_data.json,2021-10-14 16:22:36.785,2021-10-14 16:22:36.785,com.sec.android.app.shealth,0,5880,1.1912706,3951.65,181.03,6fPiwL19M5,com.sec.android.app.shealth,0d7aa3f8-1320-4e4a-93da-698ca5b5e33f,1634169600000,
367e8c32-1f8a-4562-a1d9-2020531dc96b.binning_data.json,2021-10-29 00:28:09.395,2021-10-27 23:15:04.473,com.sec.android.app.shealth,-2,4940,1.4606434,3586.4612,215.77066,VfS0qUERdZ,com.sec.android.app.shealth,367e8c32-1f8a-4562-a1d9-2020531dc96b,1635379200000,
059bf21e-e503-4686-a52c-d52df24328c9.binning_data.json,2021-10-16 15:19:49.279,2021-10-16 15:19:49.279,com.sec.android.app.shealth,102,11,1.0555556,7.3,0.33,DQQ9M5Fmpd,com.sec.android.app.shealth,059bf21e-e503-4686-a52c-d52df24328c9,1634342400000,
bf9f2dd9-af70-48e0-baf2-7b51b93823c6.binning_data.json,2021-10-10 15:00:09.929,2021-10-09 15:00:14.032,com.sec.android.app.shealth,102,9981,1.2086445,6853.786,294.21606,DQQ9M5Fmpd,com.sec.android.app.shealth,bf9f2dd9-af70-48e0-baf2-7b51b93823c6,1633737600000,
53054224-5b15-4019-a0ab-ca8f31c300f1.binning_data.json,2021-10-27 15:36:53.676,2021-10-27 15:36:53.676,com.sec.android.app.shealth,0,7557,1.346806,5344.56,336.36,6fPiwL19M5,com.sec.android.app.shealth,53054224-5b15-4019-a0ab-ca8f31c300f1,1635292800000,
427b0e10-fa82-4f2a-8a54-d8f1df5c6fef.binning_data.json,2021-10-23 15:11:35.016,2021-10-22 16:45:42.387,com.sec.android.app.shealth,102,6041,1.3148266,4248.0234,183.72043,DQQ9M5Fmpd,com.sec.android.app.shealth,427b0e10-fa82-4f2a-8a54-d8f1df5c6fef,1634860800000,
0786f46f-4eab-4626-9b73-4f2bcc4351f9.binning_data.json,2021-10-15 11:16:23.793,2021-10-14 22:55:02.595,com.sec.android.app.shealth,-2,6466,1.3183486,4454.37,197.56,VfS0qUERdZ,com.sec.android.app.shealth,0786f46f-4eab-4626-9b73-4f2bcc4351f9,1634256000000,
73675479-f52e-49c3-b091-8037a3c36ac6.binning_data.json,2021-10-25 20:57:20.181,2021-10-24 16:12:24.476,com.sec.android.app.shealth,102,36,1.1623269,24.44,1.04,DQQ9M5Fmpd,com.sec.android.app.shealth,73675479-f52e-49c3-b091-8037a3c36ac6,1635033600000,
595b0242-810a-4783-9b75-9e6b90bc650f.binning_data.json,2021-10-29 15:18:27.242,2021-10-29 15:18:27.242,com.sec.android.app.shealth,0,3037,1.4903439,2123.7,141.47,6fPiwL19M5,com.sec.android.app.shealth,595b0242-810a-4783-9b75-9e6b90bc650f,1635465600000,
ebdcd6a8-97ad-4f7f-b45e-c14fb2028cb0.binning_data.json,2021-11-01 05:05:33.461,2021-10-31 21:22:39.543,com.sec.android.app.shealth,-2,4617,1.3679816,3283.2117,211.49028,VfS0qUERdZ,com.sec.android.app.shealth,ebdcd6a8-97ad-4f7f-b45e-c14fb2028cb0,1635724800000,
1cac76cf-661d-4250-b6e9-d172efece8a2.binning_data.json,2021-10-31 15:00:04.140,2021-10-30 16:43:43.584,com.sec.android.app.shealth,102,76,1.1457423,53.52,3.4,DQQ9M5Fmpd,com.sec.android.app.shealth,1cac76cf-661d-4250-b6e9-d172efece8a2,1635552000000,
aec0f9d2-1ba5-40cd-b6b3-2e1213a77938.binning_data.json,2021-10-27 15:36:55.739,2021-10-26 17:56:12.181,com.sec.android.app.shealth,102,7667,1.3239254,5451.613,349.9505,DQQ9M5Fmpd,com.sec.android.app.shealth,aec0f9d2-1ba5-40cd-b6b3-2e1213a77938,1635206400000,
1e9b72cc-9a76-40c2-bf67-de459e268df2.binning_data.json,2021-10-17 20:46:23.793,2021-10-17 20:46:23.793,com.sec.android.app.shealth,102,28,1.0761882,18.639767,0.75997066,DQQ9M5Fmpd,com.sec.android.app.shealth,1e9b72cc-9a76-40c2-bf67-de459e268df2,1634428800000,
0e7144dd-6c20-47ce-80c7-947aaa69f2a4.binning_data.json,2021-10-20 00:48:37.269,2021-10-18 23:15:14.008,com.sec.android.app.shealth,-2,6527,1.2572955,4471.598,200.53018,VfS0qUERdZ,com.sec.android.app.shealth,0e7144dd-6c20-47ce-80c7-947aaa69f2a4,1634601600000,
f9389d2a-eb53-490b-8381-db70de7de1af.binning_data.json,2021-10-20 15:00:25.256,2021-10-19 19:06:50.521,com.sec.android.app.shealth,102,6243,1.2461638,4331.9077,189.75018,DQQ9M5Fmpd,com.sec.android.app.shealth,f9389d2a-eb53-490b-8381-db70de7de1af,1634601600000,
784b526a-7913-4a18-ba44-d4c64fe43eb3.binning_data.json,2021-10-22 16:45:42.302,2021-10-21 16:55:09.104,com.sec.android.app.shealth,102,5375,1.3075806,3772.388,161.91008,DQQ9M5Fmpd,com.sec.android.app.shealth,784b526a-7913-4a18-ba44-d4c64fe43eb3,1634774400000,
fbe36291-e7f9-47ab-a5a5-bc29e3fe9cba.binning_data.json,2021-10-30 16:43:43.612,2021-10-28 19:44:28.288,com.sec.android.app.shealth,102,4459,1.4417984,3284.031,198.59065,DQQ9M5Fmpd,com.sec.android.app.shealth,fbe36291-e7f9-47ab-a5a5-bc29e3fe9cba,1635379200000,
1f9848d9-58d6-4fb9-94b4-c28aa825eb28.binning_data.json,2021-10-23 15:11:34.566,2021-10-23 15:11:34.566,com.sec.android.app.shealth,102,12,1.1388888,8.09,0.31,DQQ9M5Fmpd,com.sec.android.app.shealth,1f9848d9-58d6-4fb9-94b4-c28aa825eb28,1634947200000,
fba9922b-d5c0-4471-8f03-2efcf9fb57b3.binning_data.json,2021-10-31 17:02:06.366,2021-10-31 04:18:06.533,com.sec.android.app.shealth,-2,51,1.4723173,37.780003,2.1800003,VfS0qUERdZ,com.sec.android.app.shealth,fba9922b-d5c0-4471-8f03-2efcf9fb57b3,1635638400000,
7f966e4d-ffbf-413b-96d3-7f6672375619.binning_data.json,2021-10-26 17:56:12.128,2021-10-25 20:57:20.155,com.sec.android.app.shealth,102,5624,1.3679788,3980.56,210.94,DQQ9M5Fmpd,com.sec.android.app.shealth,7f966e4d-ffbf-413b-96d3-7f6672375619,1635120000000,
a3047f38-bb6a-4b91-8bde-7672f354a89e.binning_data.json,2021-10-22 00:47:54.237,2021-10-21 00:53:04.174,com.sec.android.app.shealth,-2,5384,1.3072093,3778.458,162.16008,VfS0qUERdZ,com.sec.android.app.shealth,a3047f38-bb6a-4b91-8bde-7672f354a89e,1634774400000,
3acf7a6e-27a7-4da9-ba93-191f689dc9b5.binning_data.json,2021-10-27 15:36:55.856,2021-10-27 15:36:55.856,com.sec.android.app.shealth,102,7318,1.3227988,5289.799,330.90222,DQQ9M5Fmpd,com.sec.android.app.shealth,3acf7a6e-27a7-4da9-ba93-191f689dc9b5,1635292800000,
1e8f8f6b-8ef1-4b71-b519-1258290adf36.binning_data.json,2021-10-23 08:31:31.597,2021-10-22 21:46:22.631,com.sec.android.app.shealth,-2,19,1.337596,13.309999,0.49,VfS0qUERdZ,com.sec.android.app.shealth,1e8f8f6b-8ef1-4b71-b519-1258290adf36,1634947200000,
4c92c097-b1da-4e24-9165-9036b421857b.binning_data.json,2021-10-30 21:40:28.842,2021-10-29 21:58:01.041,com.sec.android.app.shealth,-2,76,1.1457423,53.52,3.4,VfS0qUERdZ,com.sec.android.app.shealth,4c92c097-b1da-4e24-9165-9036b421857b,1635552000000,
24f33de7-5afb-41dc-9288-cefb57766ee2.binning_data.json,2021-10-12 21:50:41.549,2021-10-11 22:55:31.134,com.sec.android.app.shealth,-2,5946,1.3718646,4107.3184,186.17996,VfS0qUERdZ,com.sec.android.app.shealth,24f33de7-5afb-41dc-9288-cefb57766ee2,1633996800000,
4c94f52d-2510-4406-98e9-c57df72d33ea.binning_data.json,2021-10-26 00:57:03.367,2021-10-24 21:16:47.158,com.sec.android.app.shealth,-2,5896,1.3778381,4137.12,222.72,VfS0qUERdZ,com.sec.android.app.shealth,4c94f52d-2510-4406-98e9-c57df72d33ea,1635120000000,
f05be4c8-4ce1-406a-b1e7-302bd76052e1.binning_data.json,2021-10-27 11:40:11.576,2021-10-26 21:43:02.868,com.sec.android.app.shealth,-2,8546,1.3428938,6083.2007,384.51035,VfS0qUERdZ,com.sec.android.app.shealth,f05be4c8-4ce1-406a-b1e7-302bd76052e1,1635292800000,
fff546f2-caa5-42db-88f9-3f4e19190eb5.binning_data.json,2021-10-29 21:58:01.702,2021-10-29 00:28:08.783,com.sec.android.app.shealth,-2,6753,1.3269717,4784.3975,318.51065,VfS0qUERdZ,com.sec.android.app.shealth,fff546f2-caa5-42db-88f9-3f4e19190eb5,1635465600000,
7cb465d5-3afa-43ff-84ad-af69dc57ea0e.binning_data.json,2021-10-14 16:22:42.878,2021-10-13 15:00:05.497,com.sec.android.app.shealth,102,7143,1.3148732,5012.2544,217.32986,DQQ9M5Fmpd,com.sec.android.app.shealth,7cb465d5-3afa-43ff-84ad-af69dc57ea0e,1634083200000,
7326ab47-a6a7-416f-96f3-b9920af1b63d.binning_data.json,2021-10-31 15:00:02.600,2021-10-31 15:00:02.600,com.sec.android.app.shealth,0,40,1.3585398,29.170002,1.7100003,6fPiwL19M5,com.sec.android.app.shealth,7326ab47-a6a7-416f-96f3-b9920af1b63d,1635638400000,
9a1c76fb-add1-48d9-966c-b915e2070963.binning_data.json,2021-10-15 18:23:22.140,2021-10-15 18:23:22.140,com.sec.android.app.shealth,102,5978,1.2961816,4183.642,179.39032,DQQ9M5Fmpd,com.sec.android.app.shealth,9a1c76fb-add1-48d9-966c-b915e2070963,1634256000000,
d7c1fd87-765f-472e-b38a-ea16c4ab0e08.binning_data.json,2021-10-18 15:00:05.229,2021-10-18 15:00:05.229,com.sec.android.app.shealth,0,5740,1.3497168,3928.89,179.34,6fPiwL19M5,com.sec.android.app.shealth,d7c1fd87-765f-472e-b38a-ea16c4ab0e08,1634515200000,
81446b2d-910b-4454-9d26-bf258c38904b.binning_data.json,2021-10-20 15:00:22.401,2021-10-20 15:00:22.401,com.sec.android.app.shealth,0,1838,1.38694,1138.17,62.56,6fPiwL19M5,com.sec.android.app.shealth,81446b2d-910b-4454-9d26-bf258c38904b,1634688000000,
d1994c07-cfcf-4bd2-967f-df9f9f6a1395.binning_data.json,2021-10-22 16:45:36.307,2021-10-22 16:45:36.307,com.sec.android.app.shealth,0,3909,1.3361672,2608.63,123.6,6fPiwL19M5,com.sec.android.app.shealth,d1994c07-cfcf-4bd2-967f-df9f9f6a1395,1634860800000,
559c91c1-6483-4f81-a9cc-a8966a7ed76e.binning_data.json,2021-10-24 16:12:15.835,2021-10-24 16:12:15.835,com.sec.android.app.shealth,0,20,1.7835228,15.440001,0.58000004,6fPiwL19M5,com.sec.android.app.shealth,559c91c1-6483-4f81-a9cc-a8966a7ed76e,1635033600000,
bf85463a-9947-47ae-88d6-194165f51952.binning_data.json,2021-10-26 17:55:24.265,2021-10-26 17:55:24.265,com.sec.android.app.shealth,0,3719,1.3531805,2630.6,164.0,6fPiwL19M5,com.sec.android.app.shealth,bf85463a-9947-47ae-88d6-194165f51952,1635206400000,
4a206f42-8088-4152-a989-02b83cca7979.binning_data.json,2021-10-28 19:44:23.535,2021-10-28 19:44:23.535,com.sec.android.app.shealth,0,1873,1.52224,1310.78,82.17,6fPiwL19M5,com.sec.android.app.shealth,4a206f42-8088-4152-a989-02b83cca7979,1635379200000,
eda65451-419c-41b8-aa5b-2d94871dbf07.binning_data.json,2021-10-30 16:43:43.672,2021-10-30 16:43:43.672,com.sec.android.app.shealth,102,6283,1.3057308,4527.2085,294.56076,DQQ9M5Fmpd,com.sec.android.app.shealth,eda65451-419c-41b8-aa5b-2d94871dbf07,1635465600000,
